time,accel_x,accel_y,accel_z
2024-10-23 10:29:46.667731,0.06504469626860226,-0.0092190061789006,0.005085340440273285
2024-10-23 10:29:46.677737,0.07828498015310614,0.015968827498983592,-0.007476034969091415
2024-10-23 10:29:46.687744,0.07085754726582671,0.021746150525100528,0.013778934505581856
2024-10-23 10:29:46.697750,0.08106620836947112,0.014687993908207863,0.011536708536744118
2024-10-23 10:29:46.707758,0.07454492597510107,0.012547566079720854,-0.007614566656947135
2024-10-23 10:29:46.717763,0.09132732574613764,0.015391027611028401,0.008847323322296142
2024-10-23 10:29:46.727770,0.077923453364335,0.018041907445993273,-0.004314356067776679
2024-10-23 10:29:46.737777,0.0625389239927521,-0.00447199431490153,-0.004311433458328247
2024-10-23 10:29:46.747783,0.051556712100189174,-0.002071563843358308,-0.007756020954251289
2024-10-23 10:29:46.757789,0.0630319225409301,0.006876954831089824,0.003918050226569175
2024-10-23 10:29:46.767797,0.06437639138586819,-0.012817615192756057,0.0031739538609981536
2024-10-23 10:29:46.777802,0.06900647603904363,-0.006716613170225173,-0.0026636662513017653
2024-10-23 10:29:46.787808,0.06895416132991668,-0.006595635405369103,-0.006851181069016456
2024-10-23 10:29:46.797815,0.06164921774456743,0.00865888807810843,-0.00265606746673584
2024-10-23 10:29:46.807822,0.08832897504721768,0.003222907569259405,-0.001007131215929985
2024-10-23 10:29:46.817828,0.08733580842455849,0.014840828116051853,-0.01013268695771694
2024-10-23 10:29:46.827834,0.06405715110255406,0.012209548030700533,-0.0045972646623849865
2024-10-23 10:29:46.837842,0.07544641399262472,0.0018681684920564294,0.015604980888962745
2024-10-23 10:29:46.847847,0.07316859155402053,0.011560235542804002,0.013512392523884772
2024-10-23 10:29:46.857855,0.07783753777970559,-0.0037997758754529055,-0.005346621724963188
2024-10-23 10:29:46.867860,0.06348477174181025,0.009355364175979047,0.013205518531799316
2024-10-23 10:29:46.877867,0.07028524097031913,0.021731208684295414,0.0021387655943632127
2024-10-23 10:29:46.887873,0.06881233257327694,0.023510949974227695,-0.007585925084352493
2024-10-23 10:29:46.897880,0.07645526680818293,0.025990930221695453,-0.0005541267514228821
2024-10-23 10:29:46.907887,0.07655663112369365,0.012138400756940245,0.007083820781111717
2024-10-23 10:29:46.917894,0.07238641450065188,0.01550031493809074,-0.01132218900322914
2024-10-23 10:29:46.927900,0.06861047615851275,0.0071796458384022115,0.001101239240169525
2024-10-23 10:29:46.937907,0.0745366376373684,0.009467902906052768,-0.002485387074947357
2024-10-23 10:29:46.947913,0.0638646287717158,-0.01347523885127157,0.0032031799554824826
2024-10-23 10:29:46.957920,0.06929250817249995,0.009449326069746166,-0.005920622220635414
2024-10-23 10:29:46.967926,0.05622590948762372,-0.0011921689266338944,0.009647533789277076
2024-10-23 10:29:46.977933,0.04589084552533459,0.0068360017661936575,0.0026169045001268386
2024-10-23 10:29:46.987939,0.0736507307814667,0.004671352811902761,-0.005007014507055282
2024-10-23 10:29:46.997946,0.0610012569635408,0.00848249033158645,-0.010240238985419273
2024-10-23 10:29:47.007951,0.057458145563164725,0.021919771792646495,-0.002004325559735298
2024-10-23 10:29:47.017959,0.08145445876838639,0.011121935457084326,0.002482464465498924
2024-10-23 10:29:47.027965,0.06206183996633626,0.019266809598449616,8.358663022518158e-05
2024-10-23 10:29:47.037971,0.053649136068485676,0.011469725981447845,-0.0033528175592422486
2024-10-23 10:29:47.047978,0.07414484357449691,0.01622353291241452,-0.003949614408612251
2024-10-23 10:29:47.057985,0.07458539041623007,0.0024346980673260986,-0.004542904126644134
2024-10-23 10:29:47.067991,0.07731706670271232,-0.0029059688408859074,0.003691255733370781
2024-10-23 10:29:47.077998,0.06869717719443141,0.005199413540307432,0.00324643457531929
2024-10-23 10:29:47.088004,0.08513031600322574,0.00787274266909808,0.002499415600299835
2024-10-23 10:29:47.098011,0.07312426835510413,-0.0015416764840483666,-0.008270400217175483
2024-10-23 10:29:47.108016,0.06051609466194641,0.020588760650902985,0.01597206063568592
2024-10-23 10:29:47.118024,0.07346656072044279,0.01547392012150958,0.004306172761321067
2024-10-23 10:29:47.128030,0.06670027232274878,0.0009789645673707126,-0.0033212533771991726
2024-10-23 10:29:47.138036,0.06370604980967473,0.007673420704714953,0.01628302628099918
2024-10-23 10:29:47.148043,0.06609278968258295,0.008342296409606932,0.004460486540198326
2024-10-23 10:29:47.158048,0.056029464466916395,-0.009345335972309111,-0.0018266309052705765
2024-10-23 10:29:47.168056,0.054120379442581905,-0.0018419380722567438,-0.005562310302257538
2024-10-23 10:29:47.178062,0.04922645622144919,-0.00016269801473245022,-0.0012228197932243347
2024-10-23 10:29:47.188069,0.0794701348170638,-0.0030279329864308234,0.004461071062088012
2024-10-23 10:29:47.198075,0.07231762814733665,0.00653776773829013,-0.01035538979768753
2024-10-23 10:29:47.208082,0.07528750167044344,0.006625318157579749,0.00715513245165348
2024-10-23 10:29:47.218088,0.06527526275462005,-0.008462799250427634,0.018527590337395667
2024-10-23 10:29:47.228095,0.0476558002380887,0.0005670044993050397,-0.011101239728927612
2024-10-23 10:29:47.238101,0.06341615891843103,0.0026344766894355414,-0.009757423904538154
2024-10-23 10:29:47.248108,0.04940181278835516,0.004930369074270129,-0.0055681555211544035
2024-10-23 10:29:47.258113,0.05458898333502002,-0.0005987148118205368,-0.017983984979987145
2024-10-23 10:29:47.268121,0.07986167315160855,-0.0007042210129089653,-0.0176852942943573
2024-10-23 10:29:47.278127,0.06481508876380976,0.00042251799469813703,0.007905074036121368
2024-10-23 10:29:47.288134,0.06274460719926282,0.009969221758004278,0.006709726771712303
2024-10-23 10:29:47.298140,0.06335817252034322,0.02106189458798617,0.008056465205550194
2024-10-23 10:29:47.308147,0.06453686547747348,0.017278868917934596,0.006565934386849403
2024-10-23 10:29:47.318153,0.0617133735885378,0.0013458616510033607,0.00507248095870018
2024-10-23 10:29:47.328160,0.05993533563192468,0.0027383937216363848,-0.008092705562710762
2024-10-23 10:29:47.338166,0.06684180425186641,0.0013021686397492885,0.002385433831810951
2024-10-23 10:29:47.348172,0.06377284513530321,-0.004073843576479703,0.00014086977541446686
2024-10-23 10:29:47.358179,0.06252384972120635,-0.0016438764831982551,0.0076268416166305536
2024-10-23 10:29:47.368186,0.061129947677394374,0.009175002640392631,-0.007632102313637733
2024-10-23 10:29:47.378192,0.06116610126958694,0.0006504632653668523,-0.0010433715730905533
2024-10-23 10:29:47.388199,0.06175897542908788,0.023967187575437126,-0.014210311660170553
2024-10-23 10:29:47.398205,0.06531972295085434,0.0046447570659220215,0.015868015739321707
2024-10-23 10:29:47.408212,0.054347667126124724,0.0075593476046808055,0.0031511575073003765
2024-10-23 10:29:47.418218,0.05944989020253997,-0.004545388344675302,-0.0062754270076751705
2024-10-23 10:29:47.428225,0.05456076188753359,0.007692070606257766,-0.00028758476972579955
2024-10-23 10:29:47.438231,0.04892885694778524,-0.011181008700560777,1.2859481573104858e-05
2024-10-23 10:29:47.448238,0.048869336179736995,-0.006415401733946054,-0.013303718209266662
2024-10-23 10:29:47.458244,0.06211042834841646,-0.0033624256378039716,0.005254851788282394
2024-10-23 10:29:47.468251,0.07261016308681573,0.0020549415021203455,0.002423427754640579
2024-10-23 10:29:47.478257,0.06652855531792155,0.005319715451728552,-0.006250292566418647
2024-10-23 10:29:47.488263,0.05571093656965531,0.0018200367677025497,0.0004857376903295517
2024-10-23 10:29:47.498269,0.04764677668141667,-0.005744370604585856,-0.005945756661891937
2024-10-23 10:29:47.508276,0.05045587928539608,0.011468830932304263,-0.008186229065060615
2024-10-23 10:29:47.518283,0.07371956280055456,0.013226890113390982,-0.0011555997759103774
2024-10-23 10:29:47.528289,0.06664277454842812,0.006884133490547537,-0.008040683114528656
2024-10-23 10:29:47.538296,0.06125903568346985,-0.006417812886741012,-0.0014560440272092818
2024-10-23 10:29:47.548302,0.06984039241280407,0.00381614248836413,0.005575754305720329
2024-10-23 10:29:47.558309,0.05884301491715014,0.008604125683568418,0.001835398733615875
2024-10-23 10:29:47.568315,0.05586757016978226,-0.0033357202939689155,0.0022837270230054853
2024-10-23 10:29:47.578322,0.057366252328897825,0.022768059185054153,-0.00833762023448944
2024-10-23 10:29:47.588328,0.05585478375344537,-0.009960216467641293,-0.0021989713490009307
2024-10-23 10:29:47.598335,0.06502645279243588,0.002657912363950163,-0.0021954642176628112
2024-10-23 10:29:47.608341,0.06362078724559396,0.0032705461032688614,0.00663315440416336
2024-10-23 10:29:47.618347,0.04901974096847698,-0.0069815111841075115,-0.007879355072975158
2024-10-23 10:29:47.628354,0.053552014103252436,-0.009008907092176378,-0.0072737903952598566
2024-10-23 10:29:47.638361,0.04879137557270005,-0.010561525095347314,-0.014753332495689392
2024-10-23 10:29:47.648367,0.055022712276899255,0.004736800997238606,-0.009965513697266578
2024-10-23 10:29:47.658374,0.0339659368220251,0.012209054840356112,-0.0042740240573883054
2024-10-23 10:29:47.668380,0.042116391320805996,-0.0017928017009049653,0.0035100539475679394
2024-10-23 10:29:47.678387,0.05221534040570259,-0.0006008519699797033,-0.003967150065302848
2024-10-23 10:29:47.688393,0.03385161941010738,-0.004289185093902051,-7.715688943862914e-05
2024-10-23 10:29:47.698400,0.030055199968942906,-0.0021704393742606044,-0.009205050718784332
2024-10-23 10:29:47.708405,0.05086658354471437,0.012816811475157737,0.006057984864711761
2024-10-23 10:29:47.718412,0.0644801622875966,0.003124872288573533,-0.007405307820439338
2024-10-23 10:29:47.728419,0.061241344763152294,-0.004242021483927965,0.004267594316601753
2024-10-23 10:29:47.738425,0.03827195888629649,-0.007700783635675907,0.0011304653346538543
2024-10-23 10:29:47.748432,0.05396816628924571,0.003961140449624509,0.007116554006934166
2024-10-23 10:29:47.758439,0.05851312537565827,0.003540558683685958,-0.005303951627016067
2024-10-23 10:29:47.768444,0.05490325518227182,-0.0031049072127789256,0.010559972459077834
2024-10-23 10:29:47.778452,0.06437035437072627,-0.004641523929219692,0.008761398604512215
2024-10-23 10:29:47.788458,0.06984643856110051,0.011273765017930417,0.002775309932231903
2024-10-23 10:29:47.798465,0.06484481718179304,0.012663045685552059,-0.0023170447707176207
2024-10-23 10:29:47.808470,0.07192879779310897,0.0021026348350569606,-0.00755903707742691
2024-10-23 10:29:47.818478,0.0681141714083962,0.00947197629297152,-0.006957564052939414
2024-10-23 10:29:47.828484,0.0492006596264895,-0.001030713020917028,0.0005254851788282394
2024-10-23 10:29:47.838490,0.06771260487018153,0.002346818854473531,0.004115034103393554
2024-10-23 10:29:47.848497,0.058781740583432836,0.005714523455593735,0.002172667863965034
2024-10-23 10:29:47.858503,0.050581948783900585,-0.010602843486424535,0.004118541234731674
2024-10-23 10:29:47.868509,0.056470025008381344,-0.017490228379983454,0.008458616265654563
2024-10-23 10:29:47.878516,0.062202874138532205,-0.004792531506158411,0.0062146367311477655
2024-10-23 10:29:47.888523,0.05266326683629304,0.012492073032818733,-0.005903086563944816
2024-10-23 10:29:47.898529,0.03750886784259928,0.013355978119466453,-0.0023141221612691877
2024-10-23 10:29:47.908536,0.041139947504084555,-0.0026935134002938864,0.009205050718784332
2024-10-23 10:29:47.918542,0.052742738980404096,0.009336257616709918,-0.0020148469537496568
2024-10-23 10:29:47.928549,0.04322521564580965,-0.0038729141768999394,-0.008298457267880439
2024-10-23 10:29:47.938555,0.043019030115799974,0.02433938188869506,0.0003787701845169067
2024-10-23 10:29:47.948562,0.07238809500108473,0.007334781601186841,-0.0053045361489057535
2024-10-23 10:29:47.958568,0.0531914645620156,-0.011906984887551516,-0.006498714369535446
2024-10-23 10:29:47.968575,0.05875413105729967,0.003917776231933385,0.014006898042559623
2024-10-23 10:29:47.978581,0.06260542705743573,0.012468089369032532,0.0018938509225845336
2024-10-23 10:29:47.988588,0.0405304829693865,0.00018909283131361007,0.020303952360153196
2024-10-23 10:29:47.998594,0.04891104729645885,0.0030385091793723403,0.004745733222365379
2024-10-23 10:29:48.008601,0.042697460878081614,0.010191851532738655,-0.013658522996306419
2024-10-23 10:29:48.018607,0.06580595839810557,-0.0018125841136090457,-0.0034819968968629834
2024-10-23 10:29:48.028614,0.05672099039503373,-0.009478077240195126,0.011935936987400054
2024-10-23 10:29:48.038620,0.04896407439163886,-0.010556447061430663,0.008495441144704819
2024-10-23 10:29:48.048627,0.06661728391414508,-0.002777100030519068,0.010889642804861068
2024-10-23 10:29:48.058633,0.059074613449629394,0.0032367716978304087,0.004009820163249969
2024-10-23 10:29:48.068640,0.04699991644551046,0.0035841786297038194,0.009395604854822158
2024-10-23 10:29:48.078646,0.03828089567800052,-0.0021508030920289454,-0.002574234402179718
2024-10-23 10:29:48.088653,0.04015738447383046,-0.003952701414842158,-0.005865677163004875
2024-10-23 10:29:48.098659,0.04665375162265263,-0.014182711267191915,0.006855272722244263
2024-10-23 10:29:48.108666,0.04781439289986156,0.006949581675883382,-0.00795943457186222
2024-10-23 10:29:48.118672,0.025071696484927086,-0.0012180522865615784,-0.010504442879557608
2024-10-23 10:29:48.128679,0.04088807336855679,-0.0027731179751455783,0.008799977049231529
2024-10-23 10:29:48.138685,0.05213793692109175,-0.0042112427531741554,0.009700725281238555
2024-10-23 10:29:48.148692,0.04516041235893499,0.0009732654789462685,-0.002717442265152931
2024-10-23 10:29:48.158698,0.039045331578701735,-0.0010394077840261162,0.005364741903543472
2024-10-23 10:29:48.168704,0.04969191374215297,-0.006365991367958485,-0.0034650457620620727
2024-10-23 10:29:48.178711,0.06730140285394154,0.005101122531294822,0.06731120272874831
2024-10-23 10:29:48.188718,0.054336657108343206,-0.018148838419187813,-0.06451309644281863
2024-10-23 10:29:48.198724,0.04025785830677487,-0.00578868467034772,-0.046401101168990135
2024-10-23 10:29:48.208730,0.03991921007009223,0.018616492463555186,0.10697335103154182
2024-10-23 10:29:48.218737,0.042136991150840186,0.01066295790951699,-0.04565583575963974
2024-10-23 10:29:48.228743,0.06277324877185747,0.006627857174538076,-0.02650222247838974
2024-10-23 10:29:48.238750,0.06429972768677399,-0.0016585077967494724,0.07659574842453003
2024-10-23 10:29:48.248756,0.046323916880087926,0.006525145718734711,-0.03473696686029434
2024-10-23 10:29:48.258763,0.039337779753212815,-0.005325852931570262,-0.003911035963892936
2024-10-23 10:29:48.268769,0.04406007273448631,0.0049322505041025574,0.06147884331345558
2024-10-23 10:29:48.278776,0.02596178860889049,-0.011567359403334558,-0.05044482360184192
2024-10-23 10:29:48.288782,0.030859095663775222,-0.012715798786096274,-0.002703413739800453
2024-10-23 10:29:48.298789,0.058931122458865864,-0.00470604053279385,0.04263911828696727
2024-10-23 10:29:48.308795,0.054640119867213066,0.008273103630915284,-0.021254384952783582
2024-10-23 10:29:48.318802,0.038642614263016725,0.014831804559379816,-0.016917817053198815
2024-10-23 10:29:48.328808,0.038101061582088,0.012816464415285736,0.010617840126156807
2024-10-23 10:29:48.338815,0.05318686601871159,0.09989040703326463,-0.0029939211189746857
2024-10-23 10:29:48.348821,0.011803026756155304,0.14757374829882755,0.0025502690047025677
2024-10-23 10:29:48.358828,0.005328407931549008,0.06317269641822204,0.048048868376016615
2024-10-23 10:29:48.368834,-0.07147498961100354,-0.14170704822251573,-0.009414894077181815
2024-10-23 10:29:48.378841,-0.4037177979644388,-0.5296692230472341,-0.03589899637699127
2024-10-23 10:29:48.388847,-0.6031030368421226,-0.7329761288806795,0.06824819131791592
2024-10-23 10:29:48.398854,-0.7802608079511671,-0.8598493815161288,-0.009264671951532364
2024-10-23 10:29:48.408860,-0.9699269091080873,-0.968277461400628,0.04385258572995662
2024-10-23 10:29:48.418867,-0.8746053443603217,-0.8547554924432188,-0.010617840126156807
2024-10-23 10:29:48.428873,-0.3983892233528197,-0.3617107670359313,0.01945814918577671
2024-10-23 10:29:48.438880,0.2279913200338371,0.29476594993416216,0.011673486658930778
2024-10-23 10:29:48.448886,0.6799474262654781,0.7527175519872457,-0.01915361328125
2024-10-23 10:29:48.458893,0.8200712056182324,0.8405456191744655,0.008954875349998474
2024-10-23 10:29:48.468899,0.7492717954475432,0.711500648523122,-0.1200800853639841
2024-10-23 10:29:48.478906,0.5747552230296656,0.5918736041562631,-0.08941022181212901
2024-10-23 10:29:48.488912,0.4299876729916781,0.46966231544986364,0.18538228635787962
2024-10-23 10:29:48.498919,0.7666393290296196,0.2527852772896178,0.303404854670167
2024-10-23 10:29:48.508925,0.5300443399699405,-0.0479380284126848,0.09952537311315536
2024-10-23 10:29:48.518932,0.3300029387384653,-0.8762382062591612,0.013477321210503577
2024-10-23 10:29:48.528938,-0.5915152922378852,-1.6107088114812969,-0.5984177285701036
2024-10-23 10:29:48.538945,-1.689479711987823,-0.3662507120205089,0.09659282679259777
2024-10-23 10:29:48.548951,-0.6096475265821442,0.5662047272294759,0.2992161708086729
2024-10-23 10:29:48.558957,0.5114474837886169,0.15906431613890454,-0.13801906215846538
2024-10-23 10:29:48.568964,0.35511995393615214,0.10221199098178185,-0.3135474785000086
2024-10-23 10:29:48.578970,-0.668778455062583,0.3272795416565612,-0.28753216275572774
2024-10-23 10:29:48.588977,-1.209075199379772,0.7818334640953689,-0.14442776015698908
2024-10-23 10:29:48.598983,-0.8863821452632545,1.2403943206205963,-0.23628420607745645
2024-10-23 10:29:48.608990,-0.8075847220759839,0.9596168197568505,0.16744915478229522
2024-10-23 10:29:48.618996,0.4204311054214835,-0.22453440277930348,0.12972469654381275
2024-10-23 10:29:48.629003,2.0757602721348403,-1.3426385973036288,-0.7381815885692834
2024-10-23 10:29:48.639009,2.511726800340414,-1.5729535197131335,-2.828011010327935
2024-10-23 10:29:48.649016,1.2923767290532588,-1.2048271134812385,-5.400670126014948
2024-10-23 10:29:48.659022,0.22524561978857963,-0.8014502379089593,-7.234611646559834
2024-10-23 10:29:48.669029,0.9031878071788698,0.3278370659414679,-7.379186706233024
2024-10-23 10:29:48.679035,2.305449317730963,0.8361118014454841,-5.544907332035899
2024-10-23 10:29:48.689042,3.4603599423334,0.8090412775598466,-3.1724212446033953
2024-10-23 10:29:48.699048,3.56971434328258,0.9275161196842789,-1.3452946647703647
2024-10-23 10:29:48.709055,2.6487515907645225,0.3534454813852906,-0.29251813447475433
2024-10-23 10:29:48.719061,2.1579482876084746,-0.29768706154525276,0.29573475843369956
2024-10-23 10:29:48.729068,2.190303766159713,-0.21699206110835073,0.035761049211025235
2024-10-23 10:29:48.739074,3.1005306051298973,-0.36786768223047256,-0.8349877658516168
2024-10-23 10:29:48.749081,4.304064683125913,-1.1213036846853792,-2.0948785218417645
2024-10-23 10:29:48.759087,5.460412939316034,-1.5917448755532502,-3.226266232037544
2024-10-23 10:29:48.769094,5.881002157908678,-1.55924750431329,-4.10853246641457
2024-10-23 10:29:48.779100,5.476996409848332,-1.3725953441500662,-4.116837937945127
2024-10-23 10:29:48.789107,5.123197584980726,-0.5875695868194103,-3.332379751369357
2024-10-23 10:29:48.799113,4.563200480219722,-0.03067220163941383,-2.053307909569144
2024-10-23 10:29:48.809120,3.461757241910696,-0.04306348117887974,-0.3613245441973209
2024-10-23 10:29:48.819126,2.358184590357542,0.5252262356311083,1.588455186358094
2024-10-23 10:29:48.829133,2.4559166503131387,1.1504153590098023,4.00025270895958
2024-10-23 10:29:48.839139,3.0776544641941785,1.4728560458004474,5.515823860892653
2024-10-23 10:29:48.849146,3.135343267574906,1.5390040499687194,6.128657068306207
2024-10-23 10:29:48.859152,2.734176542332768,1.9688573559910059,6.029886897474527
2024-10-23 10:29:48.869159,1.5016373191267252,3.66218219909966,5.426065264034271
2024-10-23 10:29:48.879165,-0.6233680454313755,4.609141562661528,5.5058641924142835
2024-10-23 10:29:48.889172,-2.9815280858695505,3.2155063530921932,5.572276400476694
2024-10-23 10:29:48.899178,-4.425338069927692,2.042209007927775,4.5608197225630285
2024-10-23 10:29:48.909185,-4.864938278460502,1.5491788225024938,2.959119854706526
2024-10-23 10:29:48.919191,-5.2499961649447675,1.321224053353071,1.3741004880160093
2024-10-23 10:29:48.929198,-5.755691186153888,1.340948744520545,0.08274199609458446
2024-10-23 10:29:48.939204,-6.158233291402459,1.5306471405118702,-0.8294535126000643
2024-10-23 10:29:48.949210,-6.577728869539499,2.0525053610146045,-1.1864426579415797
2024-10-23 10:29:48.959217,-6.769270263049006,2.457271572053432,-2.808040235444903
2024-10-23 10:29:48.969223,-5.144287134760618,2.516187871402502,-5.644989169988036
2024-10-23 10:29:48.979230,-4.072851788963377,3.292181596493721,-3.8404625444978473
2024-10-23 10:29:48.989236,-3.2036297450765967,3.0227696123182772,-3.9056981099963184
2024-10-23 10:29:48.999243,-5.292309704539179,3.7369057239115238,-0.043058805003762246
2024-10-23 10:29:49.009249,-6.319574776959419,1.3586352078586816,-3.6878146530061957
2024-10-23 10:29:49.019256,-11.900283490216731,-2.661881705972552,-6.900648572018742
2024-10-23 10:29:49.029262,-6.904187852060795,0.13893208535015583,0.6771142486661672
2024-10-23 10:29:49.039269,0.2114958017796278,3.8646488912492987,4.193808949422836
2024-10-23 10:29:49.049275,-0.14722498966008424,2.217988184159994,5.344889202082157
2024-10-23 10:29:49.059282,-0.9369114322781562,0.370571095970273,4.038535970124602
2024-10-23 10:29:49.069288,-0.20709522873312233,0.8470604809612036,2.7346429908007384
2024-10-23 10:29:49.079295,0.23834581478238104,2.0611592075914142,1.6111428189843893
2024-10-23 10:29:49.089301,0.5950666645765305,3.028962037217617,1.0757681143045426
2024-10-23 10:29:49.099308,1.458587574212253,2.3078642699182033,0.6113631348609924
2024-10-23 10:29:49.109314,1.8968460127472877,0.30830811654180285,0.6002583880007266
2024-10-23 10:29:49.119321,1.84305480132699,-1.8380366809040307,1.0953057584673165
2024-10-23 10:29:49.129327,0.26534926478117704,-3.0008550098910924,0.36963001572787757
2024-10-23 10:29:49.139334,-2.01393656090647,-3.827778711752593,-0.9335539385437965
2024-10-23 10:29:49.149340,-4.085107167163491,-4.372205030155182,-2.560610365974903
2024-10-23 10:29:49.159347,-4.414155289395153,-4.339911072532832,-3.933815950977802
2024-10-23 10:29:49.169353,-2.626049345090985,-3.1085093289241192,-3.5845892563313244
2024-10-23 10:29:49.179360,-0.6646200932741165,-1.1890078322544693,-2.0798533866673705
2024-10-23 10:29:49.189366,0.6409891884483396,-0.6029705695688724,-1.3922633366942405
2024-10-23 10:29:49.199373,0.34274273945465683,-1.3322639182835816,-1.1674614786177873
2024-10-23 10:29:49.209379,-1.3705223372682929,-1.861820292073488,-1.5200380682140588
2024-10-23 10:29:49.219386,-2.405554244297743,-1.4552294959560035,-1.97386612406373
2024-10-23 10:29:49.229392,-0.8027337749134749,-0.6069394731998443,-2.505889180228114
2024-10-23 10:29:49.239399,2.5024358249038454,-0.3152896459922194,-3.4292782831102606
2024-10-23 10:29:49.249405,3.9607758540958162,-0.8824170410245656,-4.540707493382692
2024-10-23 10:29:49.259412,5.99187310090065,-3.41324981611222,-4.384650670230388
2024-10-23 10:29:49.269418,7.974255708897114,-5.605993961161374,-2.6849177136451003
2024-10-23 10:29:49.279425,7.548381827899814,-6.220123053604364,-2.1965601962059735
2024-10-23 10:29:49.289431,7.698747745934129,-6.156275727593899,-2.196003731366992
2024-10-23 10:29:49.299437,5.264741898655891,-5.418742958322167,-1.5271213044732808
2024-10-23 10:29:49.309444,1.9318094818398355,-5.105073899269104,-1.4939906037658452
2024-10-23 10:29:49.319450,0.8110456031195818,-4.355636172670126,-2.1619418872892857
2024-10-23 10:29:49.329457,1.5977454311423003,-3.212194452065229,-1.5240724382966755
2024-10-23 10:29:49.339463,3.882238908475637,-2.075073166653514,-2.3664953225851058
2024-10-23 10:29:49.349470,4.664378004454076,-0.7185761398673057,-4.246875353699922
2024-10-23 10:29:49.359476,4.428154004131257,-0.755025171342492,-5.298442508205771
2024-10-23 10:29:49.369483,4.376289961381256,-1.7625924406021833,-8.387887363436818
2024-10-23 10:29:49.379489,4.186446019439399,-1.1090753406226634,-10.362826085168123
2024-10-23 10:29:49.389496,4.671553887432814,0.730095897269249,-11.592158621287345
2024-10-23 10:29:49.399502,4.583212756156921,2.1615461659699675,-11.606102975487708
2024-10-23 10:29:49.409509,2.8568653488904237,3.1858301767528054,-11.322082620245217
2024-10-23 10:29:49.419515,1.9016291553705928,4.457268162673712,-9.892261414051056
2024-10-23 10:29:49.429522,1.7788243212178347,5.847546463030576,-8.020320125457644
2024-10-23 10:29:49.439528,0.9688558458104729,7.082990175506472,-5.239550174254179
2024-10-23 10:29:49.449535,0.2519663438558578,7.7485770679861306,-2.360586975324154
2024-10-23 10:29:49.459541,-0.7047406528688966,8.08683404032886,0.7343775201112032
2024-10-23 10:29:49.469548,-1.4833824082508682,8.294682425516843,3.63364642496705
2024-10-23 10:29:49.479554,-2.3892254791788754,8.161492683210968,5.880968840160966
2024-10-23 10:29:49.489561,-3.3951457118839024,7.96450880638659,7.342745273542404
2024-10-23 10:29:49.499568,-4.150912641504407,7.991552296134829,8.258699257987738
2024-10-23 10:29:49.509574,-4.361520262272656,8.081205679053067,8.419926761776209
2024-10-23 10:29:49.519580,-4.29214423596859,8.21020439940989,8.080507759916783
2024-10-23 10:29:49.529587,-4.381605311185122,8.546779702275991,7.613696888375282
2024-10-23 10:29:49.539593,-5.183766912233829,8.799311863321066,7.214519875645637
2024-10-23 10:29:49.549600,-6.123007664242387,8.92628989150524,7.254324062767624
2024-10-23 10:29:49.559606,-6.246695418709516,8.95870806002915,7.59139562471807
2024-10-23 10:29:49.569613,-5.4124903276681895,8.853397673773765,8.050541660720109
2024-10-23 10:29:49.579619,-3.99127065334171,8.679324716937542,8.688216463923453
2024-10-23 10:29:49.589626,-2.6981641487091776,8.371682663089036,9.31589126663804
2024-10-23 10:29:49.599633,-1.8883207609862087,7.737953967162967,9.894878903073073
2024-10-23 10:29:49.609639,-1.4879063154160976,6.982579836252332,10.51134140689969
2024-10-23 10:29:49.619645,-1.3823299717009068,6.308011764937639,10.736026945120095
2024-10-23 10:29:49.629652,-1.1529045454770326,5.950900454521179,10.55367832736969
2024-10-23 10:29:49.639658,-1.2459655448816715,5.883173072206974,10.055630606043339
2024-10-23 10:29:49.649665,-1.3020805230744181,5.699398805567622,8.66686797094643
2024-10-23 10:29:49.659671,-0.8896414393201469,5.316096822839975,6.933273661291599
2024-10-23 10:29:49.669677,-0.03643176981313154,4.599400505369902,5.463193509945273
2024-10-23 10:29:49.679684,1.3457755801551043,3.821305424085259,4.045343896573781
2024-10-23 10:29:49.689690,2.813911757826805,3.028767975950241,2.410026421275735
2024-10-23 10:29:49.699697,3.7777769557431338,2.3985680386722086,0.6738765819191932
2024-10-23 10:29:49.709703,3.883770355826616,2.311644957500696,-1.3541221143484115
2024-10-23 10:29:49.719711,3.4397762962490317,2.1360276938319207,-3.5004981837153433
2024-10-23 10:29:49.729716,2.9432658674925563,2.1278519861608745,-5.41166907441318
2024-10-23 10:29:49.739723,3.0031767308369277,2.070107653200626,-7.749549712410569
2024-10-23 10:29:49.749729,3.1184511694848536,1.8125088564157485,-10.030159480178355
2024-10-23 10:29:49.759736,2.8777643445342775,1.5505030568435787,-12.053315997111797
2024-10-23 10:29:49.769742,2.1435417227238416,1.324982236842811,-13.001722636872529
2024-10-23 10:29:49.779749,1.136070315054059,0.8784595355704427,-12.686413993918896
2024-10-23 10:29:49.789755,0.1969397454217076,0.35163054091781376,-11.476602150827645
2024-10-23 10:29:49.799762,-0.4945229082010686,-0.35389673228412866,-9.844905788636208
2024-10-23 10:29:49.809768,-0.10004399015977979,-1.287223291812837,-8.684890534371137
2024-10-23 10:29:49.819775,0.8315884788021445,-1.9638444962650536,-8.138466612410545
2024-10-23 10:29:49.829781,1.5130964323826133,-2.5430969211161134,-8.233880458551646
2024-10-23 10:29:49.839788,1.6047231612004338,-3.1857401603817936,-8.612264274099468
2024-10-23 10:29:49.849794,1.1018114870995281,-3.426914768849313,-8.927778668758272
2024-10-23 10:29:49.859801,0.1770838290899992,-3.367727543604374,-8.993035861566662
2024-10-23 10:29:49.869807,-0.4415952548075467,-3.3866537778705355,-8.691535379213095
2024-10-23 10:29:49.879814,-0.2509744102090597,-3.2707305199250576,-8.17340465480089
2024-10-23 10:29:49.889820,0.030968335041776297,-3.1859143479049203,-7.903021779766679
2024-10-23 10:29:49.899827,1.2765934689879417,-3.5211920121759173,-7.472288183778524
2024-10-23 10:29:49.909833,3.1391905906528232,-3.617041034863889,-6.856305572423339
2024-10-23 10:29:49.919840,3.908510537068546,-3.404751160097122,-6.9640364638239145
2024-10-23 10:29:49.929846,3.687064711421728,-3.0137670984342693,-7.8117773282647125
2024-10-23 10:29:49.939853,3.368590590174496,-2.364375846213102,-8.894349277365206
2024-10-23 10:29:49.949859,3.3904718748539686,-1.7152344770997763,-9.462451362648606
2024-10-23 10:29:49.959866,3.60840413942188,-1.0315303286492823,-9.32167218812704
2024-10-23 10:29:49.969872,3.643739364436269,-0.2525190093025565,-8.87407162849009
2024-10-23 10:29:49.979879,3.623753391984105,0.28773616089522835,-8.263069728156923
2024-10-23 10:29:49.989885,3.3950489735111593,1.014266474637389,-7.275707042536139
2024-10-23 10:29:49.999892,2.932011483028531,1.6772879005432129,-5.961198561173677
2024-10-23 10:29:50.009898,2.65940508672595,2.3010826469540593,-4.3889825619548555
2024-10-23 10:29:50.019905,2.3974017713718117,3.0116145965754986,-2.727666137525439
2024-10-23 10:29:50.029911,2.051527163632214,3.3808518135935066,-1.0897054542422293
2024-10-23 10:29:50.039917,1.9944196672707795,3.719655898424983,0.5555214206516742
2024-10-23 10:29:50.049924,1.8419708054825663,4.0925902163952586,2.0115350527226923
2024-10-23 10:29:50.059930,1.2320610843002795,4.319909025728703,3.3202117591917513
2024-10-23 10:29:50.069937,0.6779096368275582,4.671221294477582,4.3645951396733516
2024-10-23 10:29:50.079943,0.3306618410386145,4.958979667204618,5.158579279485345
2024-10-23 10:29:50.089950,0.13188954642750322,5.173811919930577,5.868920674970746
2024-10-23 10:29:50.099956,-0.1614056368343532,5.335775921300053,6.135751410481333
2024-10-23 10:29:50.109963,-0.5289217291481793,5.474015348210931,6.1699757516443725
2024-10-23 10:29:50.119969,-0.8615586696520448,5.567046683129668,6.380173330307007
2024-10-23 10:29:50.129976,-1.2041422730222344,5.634435042747855,6.778715552264452
2024-10-23 10:29:50.139982,-1.4426419631920755,5.694418679067492,7.3205498083472245
2024-10-23 10:29:50.149989,-1.4681070977076887,5.728971521532535,7.946471629914641
2024-10-23 10:29:50.159995,-1.5050921357557177,5.733654126390815,8.464326459994911
2024-10-23 10:29:50.170002,-1.5878367621988057,5.881154133599996,8.688589388889074
2024-10-23 10:29:50.180008,-1.6819957859732209,6.063363050618768,8.48863321825564
2024-10-23 10:29:50.190015,-1.9175285891614853,6.0984653436601155,8.177855204468965
2024-10-23 10:29:50.200021,-2.192265567751974,6.033178924757242,8.3756691023767
2024-10-23 10:29:50.210028,-2.121476752040535,6.190436355870962,9.061360625252128
2024-10-23 10:29:50.220034,-1.88594511789605,6.3840206533849235,9.61373381100595
2024-10-23 10:29:50.230041,-1.7637154532827435,6.5126774284362785,9.793143452695011
2024-10-23 10:29:50.240047,-1.6264254360511898,6.632879678875208,9.678756026014685
2024-10-23 10:29:50.250054,-1.4095847661122678,6.819141086155176,9.417051547476648
2024-10-23 10:29:50.260060,-1.3603922806590796,6.8992737765342,9.221594441828131
2024-10-23 10:29:50.270067,-1.109531998348981,6.709442694073915,9.26240342207849
2024-10-23 10:29:50.280073,-0.4508202158031985,6.565442219418287,9.305359935751557
2024-10-23 10:29:50.290080,0.34881617761682715,6.605681875348091,9.0640768984735
2024-10-23 10:29:50.300086,1.6588567563176153,6.853177795791626,7.658051578408479
2024-10-23 10:29:50.310093,2.6402713471889494,7.131646946647763,5.214837757802009
2024-10-23 10:29:50.320099,2.412493395911157,6.85775752479732,2.4048083943665026
2024-10-23 10:29:50.330106,2.5488299118101594,6.1451885163903235,0.6093231534659862
2024-10-23 10:29:50.340112,3.01798939230442,5.435636809977889,-0.08059621623754501
2024-10-23 10:29:50.350119,3.345156523095071,4.553983739063144,-0.8081681479871272
2024-10-23 10:29:50.360125,3.7876901547312736,4.3967707316130396,-2.7596926763832568
2024-10-23 10:29:50.370132,3.481483394382894,4.160091096477211,-5.959624443724751
2024-10-23 10:29:50.380138,2.7356583053231236,3.151624540290236,-8.623263222497702
2024-10-23 10:29:50.390145,2.8339608586430547,2.1093840170562266,-9.853566064953803
2024-10-23 10:29:50.400151,3.078936905220151,1.2715401311211287,-9.441994265553355
2024-10-23 10:29:50.410157,3.0323452499151227,0.2812444607883692,-7.8498501615494485
2024-10-23 10:29:50.420164,3.759369192393124,-0.3005097177505493,-6.10668196786344
2024-10-23 10:29:50.430170,4.25971145439744,-0.7754514349080621,-5.699516878989338
2024-10-23 10:29:50.440177,3.8922067602604624,-1.4572162858590483,-6.589156272482872
2024-10-23 10:29:50.450183,2.9741113798722623,-1.8602080345712602,-8.141440659785271
2024-10-23 10:29:50.460190,1.8453728690110145,-1.9974239636532962,-9.790970200309157
2024-10-23 10:29:50.470196,1.3992758458048105,-2.432022418376058,-10.499064109128714
2024-10-23 10:29:50.480203,1.800867664591223,-3.0983143903851507,-10.172204144591092
2024-10-23 10:29:50.490209,2.0694974123477934,-3.62788420817852,-8.9751921618402
2024-10-23 10:29:50.500216,2.079424347600341,-3.6623730454966426,-8.015282715812326
2024-10-23 10:29:50.510222,1.7847464047431945,-3.5076652988657355,-8.265988830474019
2024-10-23 10:29:50.520229,1.41722256751433,-3.2322683950617908,-9.311877939343452
2024-10-23 10:29:50.530235,1.1969555763885378,-2.780617975512147,-10.525912368565796
2024-10-23 10:29:50.540242,1.2917489525437353,-2.3857843988142906,-11.70326688016653
2024-10-23 10:29:50.550248,1.9595750022523104,-1.8695507401950657,-12.821484143143891
2024-10-23 10:29:50.560255,2.436883448541164,-1.1366895429309456,-13.64930625514984
2024-10-23 10:29:50.570261,1.9280872464463115,-0.2640509320663288,-13.797021950936317
2024-10-23 10:29:50.580268,0.9823642928116023,0.42821138403415676,-13.481392989987134
2024-10-23 10:29:50.590274,0.23880908491257577,0.9123903006143868,-12.958041316056251
2024-10-23 10:29:50.600281,0.08562062027081847,1.1832437157697975,-12.318573199695347
2024-10-23 10:29:50.610287,0.4037348952297121,1.2796869049586355,-11.565600284707546
2024-10-23 10:29:50.620294,0.9040977616306394,1.52715082282871,-10.703243450415133
2024-10-23 10:29:50.630300,1.5976117217600345,1.9847218645989895,-9.70140741828382
2024-10-23 10:29:50.640307,1.9843544925913215,2.6465204707115886,-8.771202205646038
2024-10-23 10:29:50.650313,1.8146616505354642,3.065282473877072,-8.145486135783791
2024-10-23 10:29:50.660320,1.8114003106519578,3.4352556039541957,-7.2730585738539695
2024-10-23 10:29:50.670326,1.6911312785871326,4.099704724575579,-6.481621195915341
2024-10-23 10:29:50.680333,1.4213541143611073,4.4285356969252225,-6.232911808028817
2024-10-23 10:29:50.690339,1.4247130694001913,4.602109764328599,-5.789439141976833
2024-10-23 10:29:50.700346,1.3135752921655772,4.96992308602333,-4.84459574765563
2024-10-23 10:29:50.710352,1.2714762721046804,5.6115393203288315,-3.924370077240467
2024-10-23 10:29:50.720359,1.349284172797948,6.312891938194632,-3.2821821805268523
2024-10-23 10:29:50.730365,1.296397362871468,6.784774706172943,-2.7281466145187614
2024-10-23 10:29:50.740372,1.0405106307014822,7.145718142098188,-2.1113240452080966
2024-10-23 10:29:50.750378,0.5954053950116038,7.516109789848327,-1.6221698244333267
2024-10-23 10:29:50.760385,0.3053501435190439,7.846264704278111,-1.2331108856141566
2024-10-23 10:29:50.770391,0.41443128048479555,8.025504250097274,-0.7612368854641914
2024-10-23 10:29:50.780398,0.24298019658476114,8.217661729678511,-0.23207974012494087
2024-10-23 10:29:50.790404,-0.07205576690733433,8.402547756952046,0.37966596431285143
2024-10-23 10:29:50.800411,-0.2735653044626117,8.57777865165174,0.9374737423360348
2024-10-23 10:29:50.810417,-0.37190702074915166,8.800488505885005,1.2836679374188185
2024-10-23 10:29:50.820424,-0.5446238868013024,9.006452392500638,1.4093939197152852
2024-10-23 10:29:50.830430,-0.6911313758417964,9.217540198001265,1.5846233531102538
2024-10-23 10:29:50.840436,-0.7652686251983046,9.365971348580718,1.9789780602499842
2024-10-23 10:29:50.850443,-0.76880206002146,9.395680258145928,2.434626025003195
2024-10-23 10:29:50.860449,-0.9081924105331302,9.339066390520333,2.820495227870345
2024-10-23 10:29:50.870456,-1.4020038094639777,9.276262436082959,3.265957021912932
2024-10-23 10:29:50.880462,-1.9588614471554755,9.270092223015427,3.6091625565737484
2024-10-23 10:29:50.890469,-2.360932135500014,9.329768985342978,3.6786247998565433
2024-10-23 10:29:50.900475,-2.6262106731325385,9.443473690456152,3.659624331310391
2024-10-23 10:29:50.910482,-2.9033357159033417,9.530653376737236,3.541961243960261
2024-10-23 10:29:50.920488,-3.0500989332705735,9.567223404243588,3.553908286863565
2024-10-23 10:29:50.930495,-2.8802894790977236,9.654569094741344,3.8329555298686024
2024-10-23 10:29:50.940501,-2.5787463266462085,9.691062549880147,4.257085782068968
2024-10-23 10:29:50.950508,-2.551816818666458,9.684854927411674,4.530377822548151
2024-10-23 10:29:50.960514,-2.4407360323160887,9.6891722060889,4.69884521446228
2024-10-23 10:29:50.970521,-2.1436334926605225,9.69513900553882,5.0143385663330555
2024-10-23 10:29:50.980527,-1.7946052431955932,9.63794061602354,5.319491725975275
2024-10-23 10:29:50.990534,-1.4619079508066177,9.562003623768687,5.479013594889641
2024-10-23 10:29:51.000540,-1.1248422340750694,9.516837617352603,5.413153175491094
2024-10-23 10:29:51.010547,-0.7919339292839169,9.352810838234424,5.180227047669887
2024-10-23 10:29:51.020553,-0.5117132585853338,9.221897808688878,5.158361252820492
2024-10-23 10:29:51.030560,-0.2281131745815277,9.32098245229721,5.452721800291538
2024-10-23 10:29:51.040566,0.002539016958326101,9.440579722580313,5.793440778833627
2024-10-23 10:29:51.050573,-0.01351838387325406,9.471513790026307,5.883799679672718
2024-10-23 10:29:51.060579,-0.040263475196808576,9.374854912260174,5.496596013331413
2024-10-23 10:29:51.070586,0.13587503586709498,9.174479054909945,4.9332723944962025
2024-10-23 10:29:51.080592,0.6931476841002703,8.822104709887505,4.2149920227050774
2024-10-23 10:29:51.090599,1.711604742295295,8.332387010011077,3.354302829363942
2024-10-23 10:29:51.100605,3.094693569539487,7.8892714868336915,2.65668238376379
2024-10-23 10:29:51.110612,4.33335215240866,7.41313866019547,2.207933823135495
2024-10-23 10:29:51.120618,4.829660044330359,6.988653018686175,1.754232024013996
2024-10-23 10:29:51.130625,4.860643211615085,6.511848576396703,0.7932049721330404
2024-10-23 10:29:51.140631,5.04215420949757,5.988471768024564,-0.8291998300999402
2024-10-23 10:29:51.150638,5.729105377045274,5.067603123530745,-2.7525235154062506
2024-10-23 10:29:51.160644,7.1040814788520334,4.054555961555242,-4.580591760003567
2024-10-23 10:29:51.170651,8.458186642065645,2.379308626928925,-5.823939377471804
2024-10-23 10:29:51.180657,9.296842867296933,0.8537170162409543,-6.037399757322668
2024-10-23 10:29:51.190664,9.30063699888289,-0.1580471201866865,-5.620110164797306
2024-10-23 10:29:51.200670,8.762780414259433,-1.4314017533838748,-5.739594622355699
2024-10-23 10:29:51.210677,8.66035873518288,-2.4101672910511494,-6.590130670472979
2024-10-23 10:29:51.220683,8.204772437489032,-3.220102448710799,-7.125048863556981
2024-10-23 10:29:51.230689,7.585268081748485,-3.687914606249332,-7.385608848235011
2024-10-23 10:29:51.240696,6.539747806191444,-3.96830391151309,-7.541749258017539
2024-10-23 10:29:51.250702,5.153737684673071,-4.3601317305237055,-7.345065825444459
2024-10-23 10:29:51.260709,3.9304149103626607,-4.639711472970247,-6.556299128019809
2024-10-23 10:29:51.270715,3.06527750544101,-4.833856326976418,-5.883282377800345
2024-10-23 10:29:51.280722,2.5212799338445064,-5.474809713459014,-5.885948382139206
2024-10-23 10:29:51.290728,2.7162752672001718,-6.392404450848698,-5.897227316522598
2024-10-23 10:29:51.300735,3.2817806139886376,-6.925334100463986,-5.380955371719598
2024-10-23 10:29:51.310741,3.4575109826430674,-7.493419234612584,-4.764972175842523
2024-10-23 10:29:51.320748,3.694365974345803,-8.125752676787972,-4.2607741151928895
2024-10-23 10:29:51.330754,3.8832872484847902,-8.41115893343091,-3.6376913164436817
2024-10-23 10:29:51.340761,3.635948272168636,-8.494861883512138,-2.9875206042826172
2024-10-23 10:29:51.350767,3.3435403200700877,-8.670371595153211,-2.7871511766731736
2024-10-23 10:29:51.360775,3.176043234492838,-8.709566125944256,-2.979614361202717
2024-10-23 10:29:51.370780,2.93840118406564,-8.727810223165154,-3.1004917344242333
2024-10-23 10:29:51.380787,3.018867051921785,-8.711744639027119,-3.2252690376937387
2024-10-23 10:29:51.390793,3.2939281479001044,-8.633997382479906,-3.1622996635615825
2024-10-23 10:29:51.400800,3.4020983075007796,-8.523363755375147,-3.0745506529599425
2024-10-23 10:29:51.410806,3.3354633965983984,-8.079100231206416,-3.042406040680408
2024-10-23 10:29:51.420813,3.1305978266134855,-7.507028657770157,-3.172345256757736
2024-10-23 10:29:51.430819,2.7955329283103345,-7.003447267714142,-3.558831130218506
2024-10-23 10:29:51.440826,2.6439099959522485,-6.4922413741290566,-4.231178602874278
2024-10-23 10:29:51.450832,2.7802582022890445,-5.962141979503631,-5.277454080712795
2024-10-23 10:29:51.460839,2.8895132345169783,-5.496598351418972,-6.501799476069212
2024-10-23 10:29:51.470845,2.9585236423790455,-5.107826412847638,-7.60172821816206
2024-10-23 10:29:51.480852,3.099768973107636,-4.782320201006532,-8.067517929962277
2024-10-23 10:29:51.490858,3.346850175270438,-4.292739279252291,-7.810369215032458
2024-10-23 10:29:51.500865,3.378389222872257,-3.7715053281277418,-7.223398178628087
2024-10-23 10:29:51.510871,3.2976404464215037,-3.346486602655053,-6.822823574060202
2024-10-23 10:29:51.520878,3.4242245068520307,-2.9813878006160257,-6.594768851667642
2024-10-23 10:29:51.530885,4.010810927852988,-2.607307819741964,-6.564789892989396
2024-10-23 10:29:51.540891,4.545753378595411,-2.151217664179206,-6.545266277351975
2024-10-23 10:29:51.550897,4.750628008669614,-1.586124113062024,-6.384965240758657
2024-10-23 10:29:51.560903,4.742046642807126,-1.0469646291464567,-5.9666135719597335
2024-10-23 10:29:51.570910,4.683128882153332,-0.6115899293541908,-5.277364064341783
2024-10-23 10:29:51.580916,4.557115607348084,-0.0954670376330614,-4.624951126211881
2024-10-23 10:29:51.590923,4.453427853858471,0.3783265324026346,-4.196725129130482
2024-10-23 10:29:51.600929,4.342237761914729,1.0060323147773742,-3.9368583874136207
2024-10-23 10:29:51.610936,4.178848696178197,1.6160633242517708,-3.8980388274148106
2024-10-23 10:29:51.620942,3.885635857437551,2.189344857999682,-3.7892934982746835
2024-10-23 10:29:51.630949,3.4496927101075645,2.6914748802036046,-3.567227494902909
2024-10-23 10:29:51.640955,3.1611265281289813,3.136514649441838,-3.2076585622012614
2024-10-23 10:29:51.650962,2.8956463304445146,3.5263147620171305,-2.844185900059342
2024-10-23 10:29:51.660968,2.57792390434742,3.8568238967120645,-2.5294638248220083
2024-10-23 10:29:51.670975,2.1352315750181674,4.079780419182777,-2.2857705115318296
2024-10-23 10:29:51.680981,1.5738459385082124,4.274228640049696,-2.1930650475665927
2024-10-23 10:29:51.690988,1.1382158026501537,4.573177684354782,-2.3745731228396294
2024-10-23 10:29:51.700994,0.7511082901597023,4.92042635692656,-2.7841280294597146
2024-10-23 10:29:51.711001,0.3604600363224745,5.207547600793839,-3.121175041490793
2024-10-23 10:29:51.721007,0.09746405666917562,5.514367816865444,-3.139116356372833
2024-10-23 10:29:51.731014,-0.09371551779061556,5.950791733449697,-2.860942973592877
2024-10-23 10:29:51.741020,-0.3048971390545368,6.324781697952747,-2.4909359412461516
2024-10-23 10:29:51.751028,-0.5000707515865565,6.608486995896697,-2.11318224029541
2024-10-23 10:29:51.761033,-0.7735363950669765,6.64343088350594,-1.8078274206012486
2024-10-23 10:29:51.771040,-1.0745827039122582,6.57149728167355,-1.4666168591499327
2024-10-23 10:29:51.781046,-1.2203285609304904,6.483596295380592,-1.1563619193892924
2024-10-23 10:29:51.791053,-1.1760621337026358,6.500874762439728,-0.9013432752907276
2024-10-23 10:29:51.801059,-1.0248574267566204,6.5320040601968765,-0.6427063676297664
2024-10-23 10:29:51.811066,-0.8526619542300701,6.440866576200723,-0.5167628701251
2024-10-23 10:29:51.821072,-0.8645423616379498,6.262051393273472,-0.35831067626886065
2024-10-23 10:29:51.831079,-0.9177554809093474,6.160813955545425,-0.04387772017121315
2024-10-23 10:29:51.841085,-0.9856056128203868,6.1672021952778096,0.5066378550171852
2024-10-23 10:29:51.851092,-1.0097656560868025,6.159525084778666,1.0476173939667641
2024-10-23 10:29:51.861098,-1.0064964251577853,6.109729080474376,1.3203472705185413
2024-10-23 10:29:51.871105,-1.0046592728585004,6.140192607799172,1.2658525870040058
2024-10-23 10:29:51.881111,-1.1292939527869224,6.119896838745475,0.7128606848299502
2024-10-23 10:29:51.891118,-1.2508365119189022,6.0519011608839035,-0.24527941343784332
2024-10-23 10:29:51.901124,-1.3686895688831806,6.177466399660706,-1.081417079976946
2024-10-23 10:29:51.911131,-1.6541753205031156,6.2091398872971535,-1.3923007460951804
2024-10-23 10:29:51.921137,-1.7796499583870171,6.395524044173955,-1.4682467984393237
2024-10-23 10:29:51.931144,-1.7185773577868937,6.53613721447885,-1.7804659509450196
2024-10-23 10:29:51.941150,-1.4477730424702167,6.601757979902625,-2.236732924379408
2024-10-23 10:29:51.951156,-1.0522200654566287,6.720459762650727,-2.411225275671482
2024-10-23 10:29:51.961163,-0.5940238775253296,6.854243963718414,-2.344640341390669
2024-10-23 10:29:51.971169,-0.16500819137096404,6.920445159378647,-2.249195223328471
2024-10-23 10:29:51.981176,0.29429858815073967,6.883544292482734,-2.396353869754076
2024-10-23 10:29:51.991182,0.6275701732963324,6.864350347191095,-2.6925430939570068
2024-10-23 10:29:52.001189,0.6831541133522987,6.772104025170207,-2.9902602583795783
2024-10-23 10:29:52.011195,0.735507985445857,6.716226655125618,-3.2207313942641016
2024-10-23 10:29:52.021202,0.9028332215875386,6.740390205523371,-3.3776986102595923
2024-10-23 10:29:52.031208,0.940975612977147,6.649120035058259,-3.669116090016067
2024-10-23 10:29:52.041215,1.2230208687543869,6.6107286373436445,-3.9606834996372458
2024-10-23 10:29:52.051221,1.9449051102563737,6.680492493921518,-4.186700578722357
2024-10-23 10:29:52.061228,2.6783473953440784,6.5436623492866755,-4.458959184500575
2024-10-23 10:29:52.071234,3.191718942530453,6.238979145243763,-4.435326964500546
2024-10-23 10:29:52.081241,3.5649729939743873,5.867946861502528,-3.881010827985406
2024-10-23 10:29:52.091247,3.7750095368564125,5.6426516669511795,-3.279055572938919
2024-10-23 10:29:52.101254,3.7022456216797233,5.359117633920907,-2.9938673429608342
2024-10-23 10:29:52.111260,3.3864936188727617,5.202203901678323,-3.0214778189420697
2024-10-23 10:29:52.121267,3.081427552992105,5.122044907814264,-3.5638334685504436
2024-10-23 10:29:52.131273,2.9264971035212275,5.106007965248823,-4.328497405853867
2024-10-23 10:29:52.141280,2.9926702421307563,5.2225142837792635,-5.059792742040753
2024-10-23 10:29:52.151286,3.164536628833413,5.282753356164694,-5.7020887753039595
2024-10-23 10:29:52.161293,3.537166995421052,5.135688233241439,-6.032686757326125
2024-10-23 10:29:52.171299,4.103276445582509,4.774954056152701,-5.947500290688872
2024-10-23 10:29:52.181306,4.7730742337554695,4.5082565916329616,-5.38529836935997
2024-10-23 10:29:52.191312,5.366694791176915,4.140045795053243,-4.697871400994062
2024-10-23 10:29:52.201319,5.815146414685249,3.6906273723393674,-3.9767338862061496
2024-10-23 10:29:52.211325,6.155390761452913,3.171276750743389,-3.1938211755067107
2024-10-23 10:29:52.221332,6.425165149199962,2.7881583078891037,-2.39877086776793
2024-10-23 10:29:52.231338,6.176703014072776,2.5187708736330268,-1.6193454146623611
2024-10-23 10:29:52.241345,5.67144521523714,2.4963293247222897,-1.3741758913397788
2024-10-23 10:29:52.251351,5.140715121492743,2.2558017819866536,-1.58930215857625
2024-10-23 10:29:52.261358,5.121560923689604,2.013587016816437,-1.4554700267136096
2024-10-23 10:29:52.271364,5.505453858047724,1.5244526697859166,-0.7272714874982833
2024-10-23 10:29:52.281371,6.209336871173978,1.0332239808246493,0.6214718564212321
2024-10-23 10:29:52.291377,6.975273312631249,0.6769619807139039,2.018040781354904
2024-10-23 10:29:52.301384,7.104893379756808,0.004866144731640816,2.86828632209301
2024-10-23 10:29:52.311390,6.610055268126726,-0.2606310040876269,3.2179566688537595
2024-10-23 10:29:52.321397,5.6873272595018145,-0.29909780512601136,2.911120086169243
2024-10-23 10:29:52.331403,4.630779978495836,-0.4544374199196696,2.623826408344507
2024-10-23 10:29:52.341409,3.6453210806697607,-0.5255000841364265,2.8627234272688624
2024-10-23 10:29:52.351416,2.487867493586242,-0.13902517046108842,3.3262557155311105
2024-10-23 10:29:52.361422,1.7824638467639684,0.18832447728961704,2.9217151299417017
2024-10-23 10:29:52.371429,2.198995314398408,-0.6545666090324521,1.4173358186304568
2024-10-23 10:29:52.381435,3.483310609810054,-0.9799525554947555,1.3363935654342174
2024-10-23 10:29:52.391442,5.573944625949859,-0.9318886356800794,1.8266051863074302
2024-10-23 10:29:52.401448,6.730262194740772,-1.1524657156683504,2.8815093762814996
2024-10-23 10:29:52.411455,6.535366230106353,-1.4256738772563635,4.716556227719783
2024-10-23 10:29:52.421461,5.668602100765705,-1.581660557781905,6.641341217750311
2024-10-23 10:29:52.431468,5.03907787079215,-1.9215724577248094,7.479369081950187
2024-10-23 10:29:52.441474,4.652218487843871,-1.7884984507530926,7.0298764249563215
2024-10-23 10:29:52.451481,4.328926737181842,-1.4253919915750621,5.880522849959135
2024-10-23 10:29:52.461487,4.176588350030779,-1.378902189209312,4.652492628610134
2024-10-23 10:29:52.471494,4.3273818458274,-1.538363413977623,3.5814258238643406
2024-10-23 10:29:52.481500,4.383284350313246,-1.400299489764124,2.7932114996254445
2024-10-23 10:29:52.491507,3.4674189209342,-0.9950624463431537,2.1487544889360666
2024-10-23 10:29:52.501513,2.4566633770272133,-0.8030285931415856,1.6891677234292028
2024-10-23 10:29:52.511520,1.569447119027376,-0.8045676392771303,1.7857482752621172
2024-10-23 10:29:52.521526,1.0644713520035147,-0.701305563853681,2.135776933941245
2024-10-23 10:29:52.531533,1.064642324656248,-0.41669761798158284,2.262992278012633
2024-10-23 10:29:52.541539,1.0633467318877576,-0.34814372171536084,1.8774340407907961
2024-10-23 10:29:52.551546,1.0561126889809966,-0.18301029652953146,0.9427963986635207
2024-10-23 10:29:52.561552,0.2530374802187085,0.06522314440831542,0.3505634962081909
2024-10-23 10:29:52.571559,-1.1030120950609446,0.4919562725834548,0.2774912457346916
2024-10-23 10:29:52.581565,-2.2392729642510414,0.7285878307938576,0.23617139335274695
2024-10-23 10:29:52.591572,-2.6822677836582063,0.7998108001388609,0.2347919216930866
2024-10-23 10:29:52.601578,-2.6031135829225183,0.5718158451095223,0.6571662701368332
2024-10-23 10:29:52.611585,-2.0984239393636583,0.1993725255265832,1.066488829305768
2024-10-23 10:29:52.621591,-1.2403206708624959,-0.11401333267092705,1.0049310755372047
2024-10-23 10:29:52.631598,-0.6624851270720362,-0.5247121486291288,0.6480477286577224
2024-10-23 10:29:52.641604,-0.6939321124762297,-0.682912998072803,0.36884383378624913
2024-10-23 10:29:52.651611,-1.0536556512176989,-0.6679135818615556,0.023231237983703613
2024-10-23 10:29:52.661617,-1.231269641661644,-0.5783443700954318,-0.44032501567602156
2024-10-23 10:29:52.671624,-1.3996990396529436,-0.3832166425317526,-0.6479904455125332
2024-10-23 10:29:52.681630,-1.5680881056338547,-0.13021101875603197,-0.7344026545524597
2024-10-23 10:29:52.691637,-1.7552543527990578,0.16230448537021874,-0.6442641184657811
2024-10-23 10:29:52.701643,-1.7801625840842723,0.19322569333463907,-0.6144301212161779
2024-10-23 10:29:52.711650,-1.550767552998662,-0.14740911405533552,-0.4665560199975967
2024-10-23 10:29:52.721656,-1.2815712574005127,-0.6438365407034754,0.01668050116598606
2024-10-23 10:29:52.731663,-1.0103472553670405,-0.8807637208595871,0.8364426408350467
2024-10-23 10:29:52.741669,-0.6967126831054687,-1.01797643507123,1.6810072133272884
2024-10-23 10:29:52.751675,-0.5120096111834049,-1.2378653866648672,2.15163910446167
2024-10-23 10:29:52.761682,-0.32748949461281296,-1.4170660617783666,2.2410575095802545
2024-10-23 10:29:52.771688,0.10229483782649039,-1.351133746187389,2.0693015975147486
2024-10-23 10:29:52.781695,0.17585984025299548,-1.3619181750521063,1.834033875003457
2024-10-23 10:29:52.791701,-0.007754267388582229,-1.4349401566430926,2.066658389529586
2024-10-23 10:29:52.801708,0.16922376323938368,-1.5102783062219618,2.560267251625657
2024-10-23 10:29:52.811714,0.7747966242611408,-1.8985268054410813,2.8704648351758717
2024-10-23 10:29:52.821721,1.5350357308596372,-2.286678858548403,3.167005649295449
2024-10-23 10:29:52.831727,2.1698177352309225,-2.503015086096525,3.6376837176591157
2024-10-23 10:29:52.841734,2.569907186630368,-2.531079735586047,4.195938362666964
2024-10-23 10:29:52.851740,2.5997008518695828,-2.5162004386231303,4.475272605919837
2024-10-23 10:29:52.861747,2.303254730296135,-2.459667235018313,4.384555393162369
2024-10-23 10:29:52.871753,1.9235382048398255,-2.2665686751946805,3.9175019450366495
2024-10-23 10:29:52.881760,1.4793845707863569,-1.9994453864783048,3.2190847961008546
2024-10-23 10:29:52.891766,0.9873141703039408,-1.8425237631902098,2.375491698989272
2024-10-23 10:29:52.901773,0.7911556383877992,-1.8181199742957947,1.5542928045153617
2024-10-23 10:29:52.911779,0.7654518728107214,-1.8202803672000765,0.9233464327841997
2024-10-23 10:29:52.921786,0.9915513694822787,-1.7324240968316793,0.40398879692554474
2024-10-23 10:29:52.931792,1.3210223933011294,-1.728683156737685,0.1508586699873209
2024-10-23 10:29:52.941798,1.4889549476861952,-1.7966969547778366,0.33989421815574167
2024-10-23 10:29:52.951804,1.3693372191369533,-1.7935162789151071,0.7483546075373888
2024-10-23 10:29:52.961812,1.3427309517621993,-1.5674433779895305,1.1233943733543157
2024-10-23 10:29:52.971817,1.3154536532580852,-1.4669684490665793,1.2078981184244155
2024-10-23 10:29:52.981824,1.1113000309348107,-1.3459315013691782,1.2630609104588628
2024-10-23 10:29:52.991831,0.3459054412692785,-1.0575541199609637,1.3016992686718702
2024-10-23 10:29:53.001837,-0.3265565976768732,-0.9652546064481139,1.1675392200291157
2024-10-23 10:29:53.011843,-0.33610008656978607,-0.8544614048674702,0.8715542862266301
2024-10-23 10:29:53.021851,-0.023874796584248542,-0.6894643194124103,0.31901246590763327
2024-10-23 10:29:53.031857,0.2985141600191593,-0.5363245527505874,-0.2647036603540182
2024-10-23 10:29:53.041863,0.26554128022193907,-0.42169747209548947,-0.7100812832444906
2024-10-23 10:29:53.051869,0.09902093072235583,-0.27620938923060895,-0.9516738248631358
2024-10-23 10:29:53.061877,-0.02395721417069435,-0.07884878804832697,-0.8803720911934971
2024-10-23 10:29:53.071882,-0.3005231617540121,-0.00897153422385454,-0.5986205576658249
2024-10-23 10:29:53.081889,-0.45465223171412944,-0.014360241524875163,-0.20173399396091699
2024-10-23 10:29:53.091896,-0.07923194214701652,-0.027140228120982646,0.20922668780386447
2024-10-23 10:29:53.101902,0.19318506906330585,-0.05186287370622158,0.5377665682524443
2024-10-23 10:29:53.111908,0.257790519964695,0.04838672202825546,0.6579129968509078
2024-10-23 10:29:53.121914,0.15743454124629497,0.3016629794389009,0.40568595623224973
2024-10-23 10:29:53.131921,-0.0613385580599308,0.16702011571526526,-0.284060979513824
2024-10-23 10:29:53.141927,-0.05005027132630348,0.18529343903064727,-0.796902073085308
2024-10-23 10:29:53.151934,0.13972294346690178,0.275565830630064,-0.9588608137577772
2024-10-23 10:29:53.161941,0.26315467734634873,0.25109715980589387,-0.8708721491813659
2024-10-23 10:29:53.171947,0.4097042519629001,0.26412147655189033,-0.646054801274836
2024-10-23 10:29:53.181953,0.43000761980116364,0.23499942696392534,-0.3276894010990858
2024-10-23 10:29:53.191961,0.2944926494181156,0.2419207506597042,0.0543716416567564
2024-10-23 10:29:53.201967,0.30311434729099274,0.23528058199286458,0.41268063742518424
2024-10-23 10:29:53.211973,0.4749404019832611,0.18449556665122507,0.6534001956015825
2024-10-23 10:29:53.221979,0.6482184090495109,0.13683482080996034,0.8257453057318925
2024-10-23 10:29:53.231986,0.7326315532267094,0.17077683790028095,0.7471843947142363
2024-10-23 10:29:53.241992,0.7218260815739631,0.1328764385730028,0.4164449583947658
2024-10-23 10:29:53.252000,0.7661690811693668,0.125574591127038,0.029414310532808303
2024-10-23 10:29:53.262006,0.7653203553855419,0.16376725139915943,-0.21771803729534148
2024-10-23 10:29:53.272012,0.726440297371149,0.23132629140913485,-0.36875907811224456
2024-10-23 10:29:53.282018,0.5723825390815734,0.2864420294314623,-0.4208770956233144
2024-10-23 10:29:53.292026,0.41621699485778807,0.2593734052419662,-0.37607670764923096
2024-10-23 10:29:53.302032,0.41120588869750496,0.11935352465510368,-0.13582768959403038
2024-10-23 10:29:53.312038,0.5438251376390457,-0.014205635485053061,0.33449849659204484
2024-10-23 10:29:53.322044,0.7051584398895502,-0.020931144347786902,0.885932063408196
2024-10-23 10:29:53.332052,0.8011679138362408,-0.004423661661148071,1.2085513216361403
2024-10-23 10:29:53.342057,0.6255319454669952,-0.0030927053183317185,1.1439748045682907
2024-10-23 10:29:53.352064,0.3279237943768501,0.11625555863976478,0.904380451029539
2024-10-23 10:29:53.362071,0.06404314084351062,0.3545452593207359,0.5166293799385429
2024-10-23 10:29:53.372078,-0.07403554254770278,0.5212614236533641,-0.018179507552087307
2024-10-23 10:29:53.382083,-0.03180675862729549,0.5392307955861091,-0.38384164256229997
2024-10-23 10:29:53.392091,-0.021097148564457893,0.5724725554525852,-0.4319279203392565
2024-10-23 10:29:53.402097,-0.09546236145794391,0.4860685297191143,-0.3696377606429159
2024-10-23 10:29:53.412103,-0.16320377229750155,0.2675800925731659,-0.05889657173529267
2024-10-23 10:29:53.422109,-0.08855740437507628,0.23603519975244996,0.6722714848101139
2024-10-23 10:29:53.432117,-0.021581132689118383,0.41256197948157786,1.30046885009408
2024-10-23 10:29:53.442122,-0.08474047643542289,0.5605769504755735,1.321681149470806
2024-10-23 10:29:53.452129,-0.2609025145053863,0.6236953776895999,0.870754002694413
2024-10-23 10:29:53.462136,-0.5190566070854663,0.7595546314656734,0.3689361882448196
2024-10-23 10:29:53.472142,-0.5828489880383014,0.9354659096449613,-0.17635494855986908
2024-10-23 10:29:53.482148,-0.44099195515215395,0.9958598803311586,-0.7920762603640555
2024-10-23 10:29:53.492156,-0.3512397880345583,1.00042674985528,-1.3019979593575
2024-10-23 10:29:53.502162,-0.16278583914637565,0.6210083305627108,-1.5665040513128041
2024-10-23 10:29:53.512167,-0.4560445628553629,0.7076274603515863,-1.1269564497500657
2024-10-23 10:29:53.522175,-0.5651753841817378,0.9455237778007983,-0.6285719707500189
2024-10-23 10:29:53.532181,-0.6599135230183601,0.8438970484942198,-0.5747510948438197
2024-10-23 10:29:53.542187,-0.7097212177604436,0.6522142006874084,-0.6872983735501765
2024-10-23 10:29:53.552193,-0.6347580389738082,0.5614987414956093,-0.43832478176951406
2024-10-23 10:29:53.562201,-0.6397773284405469,0.6892699658840894,-0.2360036355704069
2024-10-23 10:29:53.572206,-0.40946810511946674,0.6425532228946685,-0.14897358689308166
2024-10-23 10:29:53.582213,-0.050345454880595206,0.3889689224481582,-0.16259762309789658
2024-10-23 10:29:53.592220,0.05704816738963127,0.33015023825466633,-0.1718504584811628
2024-10-23 10:29:53.602226,0.07083002450466155,0.40798809569478034,-0.14290668806955217
2024-10-23 10:29:53.612232,0.11548983496427535,0.3612865502744913,-0.16775646716579795
2024-10-23 10:29:53.622240,0.03559446047246456,0.32286475742161275,-0.1476980139993131
2024-10-23 10:29:53.632246,-0.19206454060077666,0.36105391056239605,-0.11737711001560092
2024-10-23 10:29:53.642252,-0.27785072669684885,0.3753805420786142,-0.14085560075864195
2024-10-23 10:29:53.652258,-0.19959902775883673,0.18245383169054985,-0.07561813556402922
2024-10-23 10:29:53.662266,0.04577215561568737,0.0011164368093013763,0.2235334455758333
2024-10-23 10:29:53.672271,0.38414135616123674,-0.012164485046267508,0.47361353729367256
2024-10-23 10:29:53.682278,0.4723012856513262,0.007504676541686057,0.49117023677229876
2024-10-23 10:29:53.692285,0.30281331851780413,0.005167758026719093,0.3441945456981659
2024-10-23 10:29:53.702291,0.12784253605902193,0.10056523755490779,0.16818009940534828
2024-10-23 10:29:53.712297,-0.008595394387841224,0.23302198941111563,0.019325754977762698
2024-10-23 10:29:53.722305,-0.20934066957235334,0.19944588302373886,-0.19150339958667753
2024-10-23 10:29:53.732311,-0.32937223961949347,0.1783867283821106,-0.33515900632739065
2024-10-23 10:29:53.742317,-0.3623281682819128,0.21894845587313175,-0.291340030606091
2024-10-23 10:29:53.752323,-0.23592297154963016,0.24238369199633597,-0.3413257122635841
2024-10-23 10:29:53.762331,-0.07792319763600826,0.4106903403908014,0.17608721926808357
2024-10-23 10:29:53.772336,0.033738603472709655,0.3041957127869129,0.6894055749624968
2024-10-23 10:29:53.782343,-0.2657014392197132,0.009636427873373031,-0.36903380340039726
2024-10-23 10:29:53.792350,-0.03882862008810043,-0.1656160941362381,-0.8409972353994846
2024-10-23 10:29:53.802356,0.24536942980885504,-0.18660627519488335,-0.7594812739685177
2024-10-23 10:29:53.812362,0.2384609655946493,-0.14734160177707673,-0.7736769725814461
2024-10-23 10:29:53.822370,0.18570786505043504,-0.1982674868941307,-0.7749985765740275
2024-10-23 10:29:53.832376,0.2765893284589052,-0.26735446712374683,-0.5807774424612522
2024-10-23 10:29:53.842382,0.3241197259187698,-0.32366555241048334,-0.2091431011736393
2024-10-23 10:29:53.852388,0.19700199700295923,-0.38681612832844253,0.23962533319890497
2024-10-23 10:29:53.862396,0.14834931751489638,-0.324986571881175,0.47773792374730106
2024-10-23 10:29:53.872401,0.09231997177898883,-0.20733634401261805,0.5282447066694498
2024-10-23 10:29:53.882408,0.01806347995698452,-0.2001589997291565,0.44811610794365403
2024-10-23 10:29:53.892415,0.055171267601847644,-0.22243045276999474,0.31799101390540596
2024-10-23 10:29:53.902421,0.1731967585235834,-0.2026116535782814,0.2393488543450832
2024-10-23 10:29:53.912427,0.17902853341698646,-0.0985690953016281,0.1379848676279187
2024-10-23 10:29:53.922434,0.09334639221727847,-0.014641104292869567,-0.0020475801795721052
2024-10-23 10:29:53.932441,-0.06689969931840896,0.050287002691626545,-0.13143208498358724
2024-10-23 10:29:53.942447,-0.13477379662692546,0.04323299252688884,-0.217704008769989
2024-10-23 10:29:53.952454,-0.07129822653830051,-0.0011550152540206909,-0.28518676867336035
2024-10-23 10:29:53.962460,0.04352876060307025,0.018542203384637832,-0.27884792104065415
2024-10-23 10:29:53.972467,0.07542845821082592,0.08956687367856501,-0.2529652917653322
2024-10-23 10:29:53.982473,0.1436690507441759,0.06900047098994255,-0.1145727201193571
2024-10-23 10:29:53.992480,0.20581658709943293,-0.02033084036707878,0.11832856552153825
2024-10-23 10:29:54.002486,0.2330576452463865,-0.04315466659367084,0.5193298710688948
2024-10-23 10:29:54.012493,0.317981661555171,-0.003285597541928291,0.8100012086331844
2024-10-23 10:29:54.022499,0.32772271884679793,0.0033048867642879484,0.8279135896816849
2024-10-23 10:29:54.032506,0.23934359364807603,-0.032277298748493194,0.6049056292846798
2024-10-23 10:29:54.042512,0.12002572482824325,-0.07594985173642635,0.3216027746617794
2024-10-23 10:29:54.052519,0.02572013218998909,-0.005730068084597587,-0.03826514098644256
2024-10-23 10:29:54.062525,-0.0021387655943632127,0.0696077892333269,-0.3751046477466821
2024-10-23 10:29:54.072532,-0.016347908210754394,0.14051204801797865,-0.5805056397825479
2024-10-23 10:29:54.082538,0.022616320955753326,0.16824936524927614,-0.7023232164636254
2024-10-23 10:29:54.092545,0.03101473146677017,0.10225158320665359,-0.7114622162088752
2024-10-23 10:29:54.102551,0.06939560778737068,0.10275602559745312,-0.5387421352863312
2024-10-23 10:29:54.112558,0.16313772132396698,0.11650807209610939,-0.34213527508080005
2024-10-23 10:29:54.122564,0.1185550677537918,0.06728373019993304,-0.07007716031074523
2024-10-23 10:29:54.132571,0.06682195790708065,0.03438099302947521,0.2135083106458187
2024-10-23 10:29:54.142577,0.08543605748414992,0.07426642869412899,0.3966360960751772
2024-10-23 10:29:54.152584,0.016088965013623238,0.12274784326851368,0.4527177565202117
2024-10-23 10:29:54.162590,-0.08000468008518219,0.14223814115822314,0.3777683139979839
2024-10-23 10:29:54.172597,-0.1694371137291193,0.1931517513155937,0.20875790124833582
2024-10-23 10:29:54.182603,-0.18724165048897265,0.12152326990962027,0.02134820071607828
2024-10-23 10:29:54.192610,-0.10927227562367915,0.03512275130748749,-0.08998159195929765
2024-10-23 10:29:54.202616,0.005608487531542777,0.008620528829097748,-0.13876900374293327
2024-10-23 10:29:54.212623,0.1573024392992258,0.0018237082958221435,-0.10988427004218101
2024-10-23 10:29:54.222629,0.22954817582070827,0.0028191490739583967,-0.06105360363870859
2024-10-23 10:29:54.232636,0.1918143652319908,0.02618716517984867,0.0454503763154149
2024-10-23 10:29:54.242642,0.07649579518139361,-0.0018920973569154739,0.22643881162852048
2024-10-23 10:29:54.252649,0.09224106132388114,-0.011596914291381835,0.33881197587698697
2024-10-23 10:29:54.262655,0.06121697750687599,-0.00890752907693386,0.49253275729715823
2024-10-23 10:29:54.272662,-0.06350771879255772,0.019323709151148796,0.5899421611696481
2024-10-23 10:29:54.282668,-0.10142799186408519,0.05326631076335907,0.4875584760159254
2024-10-23 10:29:54.292674,-0.08129296633005141,0.06587094079256058,0.24993279220163822
2024-10-23 10:29:54.302681,-0.09135784874856472,0.10131810174882411,0.004016834425926208
2024-10-23 10:29:54.312687,-0.07404664846360683,0.14896891071796417,-0.18771219061017036
2024-10-23 10:29:54.322694,-0.01884381667971611,0.15035948829352855,-0.36480537205040453
2024-10-23 10:29:54.332700,0.0119470429033041,0.11147533862590789,-0.39326866546869277
2024-10-23 10:29:54.342707,0.020501520758867263,0.14885668251514433,-0.3139391081660986
2024-10-23 10:29:54.352713,0.051099488118290896,0.21757658299803734,-0.3214221573978662
2024-10-23 10:29:54.362720,0.006025251638889313,0.21032617347836494,-0.2946183216243982
2024-10-23 10:29:54.372726,-0.1036193644285202,0.25656127043068405,-0.26437165192067624
2024-10-23 10:29:54.382733,-0.16671616433262823,0.3320283070862293,-0.23987843117713928
2024-10-23 10:29:54.392739,-0.24246669410467148,0.33792964008450505,-0.2242354563653469
2024-10-23 10:29:54.402746,-0.32976094667613504,0.3695516897946596,-0.2648299170821905
2024-10-23 10:29:54.412752,-0.38409693249762056,0.39050621501803395,-0.3572118481814861
2024-10-23 10:29:54.422759,-0.2400023498177528,0.29014205299317836,-0.4241588937729597
2024-10-23 10:29:54.432765,-0.049609541821479794,0.1101589953303337,-0.42705052356123924
2024-10-23 10:29:54.442772,0.10298924983143806,0.008867781588435172,-0.28106208995878695
2024-10-23 10:29:54.452778,0.23267770601809024,0.010707271975278853,-0.0871019448697567
2024-10-23 10:29:54.462785,0.17527005766630172,0.0015747019708156585,0.02616670691370964
2024-10-23 10:29:54.472791,0.07811667438149451,-0.03250175515413284,0.08091127353608608
2024-10-23 10:29:54.482798,-0.004415478354692459,0.0031026421904563903,0.1059720650345087
2024-10-23 10:29:54.492804,-0.06919628582298755,0.08595394387841224,0.06429857690930366
2024-10-23 10:29:54.502811,-0.10172960515916347,0.1575637205839157,-0.09972001890242099
2024-10-23 10:29:54.512817,-0.028764906713366508,0.18557751666903494,-0.3180383601784706
2024-10-23 10:29:54.522824,0.018618191230297086,0.1189689092516899,-0.5935913313269615
2024-10-23 10:29:54.532830,-0.038438159465789795,0.12976912020742892,-0.7216723523169756
2024-10-23 10:29:54.542837,-0.02427402503490448,0.16046294915676115,-0.7781365823388099
2024-10-23 10:29:54.552843,0.03137304338514805,0.156897365629673,-0.6787199302971363
2024-10-23 10:29:54.562850,0.046126375880837435,0.15650748952925203,-0.3940022404402494
2024-10-23 10:29:54.572856,0.0923521204829216,0.19741993015408515,-0.26341128245592116
2024-10-23 10:29:54.582863,0.04503682707846164,0.1737105532646179,-0.3240086667597294
2024-10-23 10:29:54.592869,-0.11047639071643352,0.18069675889015197,-0.4860094930082559
2024-10-23 10:29:54.602876,-0.07128712062239646,0.1540431452423334,-0.6240437527358531
2024-10-23 10:29:54.612882,0.026657120779156683,0.07446984231173992,-0.6055751991093158
2024-10-23 10:29:54.622889,0.04946925656795501,0.05200725061297416,-0.4966700032323599
2024-10-23 10:29:54.632895,0.1026736080110073,0.10939327165484428,-0.44680385630130764
2024-10-23 10:29:54.642902,0.09526070140600204,0.04725333408415317,-0.4171919773697853
2024-10-23 10:29:54.652908,0.17887655772566793,-0.02735270182788372,-0.2729290523856878
2024-10-23 10:29:54.662915,0.21169746183156965,0.01598433559536934,-0.06848550720512867
2024-10-23 10:29:54.672921,0.13293489076197146,0.023104396733641622,0.03447159392237663
2024-10-23 10:29:54.682928,0.04566109645664692,-0.030422610792517662,0.0972404770463705
2024-10-23 10:29:54.692934,0.08951718931794166,-0.042677112209796905,0.09047229808568955
2024-10-23 10:29:54.702940,0.08499123632609844,-0.010917699855566024,0.06567454143762588
2024-10-23 10:29:54.712947,0.0028270401194691657,0.008232990816235542,0.03728139064610004
2024-10-23 10:29:54.722953,-0.015636252810060976,0.0637567251175642,0.04496142375469207
2024-10-23 10:29:54.732960,-0.082929335360229,0.20718027666807173,0.040247254714369775
2024-10-23 10:29:54.742966,-0.13456775266081095,0.24226211144328116,0.06823065566122531
2024-10-23 10:29:54.752973,0.15136545046567915,-0.02599719556570053,0.13382511759996413
2024-10-23 10:29:54.762979,0.14242664946764708,-0.028527006304264066,0.017259177836775778
2024-10-23 10:29:54.772986,0.09884002119749784,-0.08803484180569648,-0.18547639438211916
2024-10-23 10:29:54.782992,0.20370997020900247,-0.1826379560858011,-0.14510872815847395
2024-10-23 10:29:54.792999,0.2228273431330919,-0.12670505646169186,-0.029043723654747007
2024-10-23 10:29:54.803005,0.18254910875856875,-0.10257365476787089,0.11417407619059085
2024-10-23 10:29:54.813012,0.13741320521980524,-0.13940437903702257,0.27707681971490383
2024-10-23 10:29:54.823018,0.12984744614064692,-0.10087269606888294,0.2983399724960327
2024-10-23 10:29:54.833025,0.07264408818930387,-0.01596153924167156,0.2273854448288679
2024-10-23 10:29:54.843031,-0.00039279870986938477,0.061951721522212025,0.08450374507009982
2024-10-23 10:29:54.853038,0.06631985360383987,0.047270285218954086,-0.06256371594071387
2024-10-23 10:29:54.863044,0.04610796344131231,0.04095686428844929,-0.09905424847006797
2024-10-23 10:29:54.873051,-0.03769260179549455,0.10856266604959965,-0.014473346510529518
2024-10-23 10:29:54.883057,-0.022009879495203492,0.15451953058242798,0.0569943913757801
2024-10-23 10:29:54.893064,0.05376578471809625,0.11902326978743076,0.022663082706928253
2024-10-23 10:29:54.903070,0.04987374571561813,0.044399698218703265,0.030695582515001294
2024-10-23 10:29:54.913077,0.08645195652842522,0.04842939212620258,0.07840425915122032
2024-10-23 10:29:54.923083,0.19079934297055004,0.13672668426036835,0.14733926368951797
2024-10-23 10:29:54.933090,0.27393969073295593,0.1666390074431896,0.11417524523437023
2024-10-23 10:29:54.943096,0.19289602298885583,0.08966916500926017,0.014008651608228683
2024-10-23 10:29:54.953103,0.04295622141212225,0.1304109252423048,-0.026264906591176983
2024-10-23 10:29:54.963109,-0.05213759899437427,0.1940712042480707,-0.07884440413415432
2024-10-23 10:29:54.973116,-0.06428659421056508,0.18008008829653263,-0.048885903722047805
2024-10-23 10:29:54.983122,-0.08047375890165567,0.14445172555446623,-0.04787058919966221
2024-10-23 10:29:54.993129,0.006335925023257732,0.13571487686932085,-0.04507131386995315
2024-10-23 10:29:55.003135,0.08514262749552726,0.10857669457495212,-0.035487492966651914
2024-10-23 10:29:55.013142,0.03371756068468094,0.09241524884700775,-0.15566986966133117
2024-10-23 10:29:55.023148,0.002072130098938942,0.09118073861598967,-0.2922749733686447
2024-10-23 10:29:55.033155,0.024206220495700835,0.011796236255764961,-0.277033565095067
2024-10-23 10:29:55.043161,0.09031213908791541,-0.04292494949102402,0.029906477963924406
2024-10-23 10:29:55.053168,0.1921767688035965,-0.05242693732976913,0.4375204796493053
2024-10-23 10:29:55.063174,0.17542027979195116,-0.02851414682269096,0.6049205345928669
2024-10-23 10:29:55.073181,0.02187310137301683,0.07750467996299266,0.449248326843977
2024-10-23 10:29:55.083187,-0.05469692808836698,0.04442074100673198,0.20004618700444698
2024-10-23 10:29:55.093194,-0.04201046499460935,-0.03014905454814434,-0.025957448077201843
2024-10-23 10:29:55.103200,0.06029226387739181,-0.04739361933767795,-0.26488720022737977
2024-10-23 10:29:55.113206,0.17718641268163918,-0.07357756964713334,-0.38697336471676824
2024-10-23 10:29:55.123213,0.2532888246312737,-0.15944237393736838,-0.3247060013741255
2024-10-23 10:29:55.133219,0.3317494901448488,-0.19910481450110673,-0.2066325796574354
2024-10-23 10:29:55.143226,0.3482356377825141,-0.19350509479790926,-0.14417290861308574
2024-10-23 10:29:55.153232,0.39094636000096794,-0.2341699904024601,-0.1404267078220844
2024-10-23 10:29:55.163239,0.5604053933009505,-0.25200433777868747,-0.22571020509302614
2024-10-23 10:29:55.173245,0.713640729291737,-0.2640042799130082,-0.2844119849085808
2024-10-23 10:29:55.183252,0.7510501302316784,-0.24559768560677767,-0.2356464926958084
2024-10-23 10:29:55.193258,0.6681044282585382,-0.15117343502491712,-0.14065233327150345
2024-10-23 10:29:55.203265,0.6229460206270218,-0.12006693362146616,-0.07510463308393955
2024-10-23 10:29:55.213271,0.6441290939092635,-0.12658610625714062,-0.08943477173149585
2024-10-23 10:29:55.223278,0.6252896611437201,-0.12526625583022832,-0.006053308689594268
2024-10-23 10:29:55.233284,0.6111977151662111,-0.05978051496297121,0.13676584722697735
2024-10-23 10:29:55.243291,0.6655696490839124,-0.07572042689472437,0.20534604697823522
2024-10-23 10:29:55.253297,0.7965747408270836,-0.2015761730507016,0.25359131470918655
2024-10-23 10:29:55.263304,0.78799308270365,-0.299443549823761,0.2694657601892948
2024-10-23 10:29:55.273310,0.6454577121645212,-0.40809827807098625,0.2520288876980543
2024-10-23 10:29:55.283317,0.5094909063607455,-0.5766112626925111,0.13529694371819495
2024-10-23 10:29:55.293323,0.5144403454616665,-0.7697463551342487,-0.061790978002548215
2024-10-23 10:29:55.303330,0.5669239814147353,-1.0254600688248872,-0.10127776973843573
2024-10-23 10:29:55.313336,0.5964011280506849,-1.310230073390901,-0.03219546568393707
2024-10-23 10:29:55.323343,0.5261714075267314,-1.5376830304980278,-0.0017155717462301254
2024-10-23 10:29:55.333349,0.44293432139158245,-1.699138205562532,0.08134615782201289
2024-10-23 10:29:55.343356,0.3560790447592735,-1.843703912885487,0.12359832261800766
2024-10-23 10:29:55.353362,0.36764760973900557,-2.0469886434197426,0.13557459161579608
2024-10-23 10:29:55.363369,0.42505671939551826,-2.2149819880813357,0.07118892094492912
2024-10-23 10:29:55.373375,-0.0052712184011936185,-1.7679460765898227,-0.012234627673029899
2024-10-23 10:29:55.383382,0.3986798768624663,-2.3710072470515966,-0.2156657809406519
2024-10-23 10:29:55.393388,0.5397556962430476,-2.803060693466663,-0.4616553884744644
2024-10-23 10:29:55.403395,-0.03194412127137184,-2.371687046009302,-0.906698664844036
2024-10-23 10:29:55.413401,-0.20605302620381116,-2.0185083988666532,-0.9857862300843
2024-10-23 10:29:55.423408,-0.31221535311341286,-1.8069345634147524,-0.8070417743057012
2024-10-23 10:29:55.433414,-0.19273484107777475,-1.5664049748525022,-0.5697001681298017
2024-10-23 10:29:55.443421,-0.19715031943246722,-1.2311828401610254,-0.4382096309572458
2024-10-23 10:29:55.453427,-0.4014489031843841,-1.0036948117405176,-0.24854046106040475
2024-10-23 10:29:55.463434,-0.6408304907552898,-0.7672972084164619,0.05045066882073879
2024-10-23 10:29:55.473440,-0.7734753125295043,-0.6993845326632261,0.35515550017356873
2024-10-23 10:29:55.483447,-0.9427673186995088,-0.4531310134962201,0.5799269631117582
2024-10-23 10:29:55.493453,-1.101452298398316,-0.17264146272838116,0.5689788681179285
2024-10-23 10:29:55.503460,-1.1333113717347383,-0.0018678396984934805,0.45271629521548745
2024-10-23 10:29:55.513466,-1.2864040843844413,0.1651166201815009,0.2705132234156132
2024-10-23 10:29:55.523473,-1.3722716651536524,0.3715773504033685,0.32179742045104504
2024-10-23 10:29:55.533479,-1.3761058364890515,0.6500587762191892,0.762537446668744
2024-10-23 10:29:55.543486,-1.3789457360900939,0.8546975517109036,1.3002081533312797
2024-10-23 10:29:55.553492,-1.2480978807352483,0.9582827216088772,1.8033686876267194
2024-10-23 10:29:55.563498,-1.076371340894699,0.9100263479620218,2.103102160307765
2024-10-23 10:29:55.573505,-0.7480559168517589,0.9833049346625804,1.957833273151517
2024-10-23 10:29:55.583510,-0.43184184949100013,1.0339335903987288,1.312188513982296
2024-10-23 10:29:55.593518,-0.1067410035803914,0.9828051684468984,0.5460550886482
2024-10-23 10:29:55.603524,-0.22632643729522822,1.2095078917086124,0.09836860429346561
2024-10-23 10:29:55.613531,-0.5752182008989155,1.4269246079698203,-0.13840718469321728
2024-10-23 10:29:55.623537,-0.8120048766057938,1.568195949922502,-0.19509996277391908
2024-10-23 10:29:55.633544,-1.003125560485199,1.7457558720916508,-0.016631401327252385
2024-10-23 10:29:55.643550,-1.2176043235983698,1.8796885417193174,0.28481062883734704
2024-10-23 10:29:55.653557,-1.147325576300919,1.9199495326980947,0.5398609101831913
2024-10-23 10:29:55.663563,-0.4348799750778824,1.748196835502982,0.5798889691889285
2024-10-23 10:29:55.673570,0.08855601613558828,1.5074007049590348,0.7176882511168718
2024-10-23 10:29:55.683576,-0.1881838267099112,1.4461965869337319,1.1567881089121104
2024-10-23 10:29:55.693583,-0.2729906829124316,1.3649649954020977,1.6604308737665414
2024-10-23 10:29:55.703588,-0.01969477095324546,1.1453995766744016,1.9808464844703673
2024-10-23 10:29:55.713596,-0.11848087000641971,1.1771250867590308,2.1161410901010034
2024-10-23 10:29:55.723602,-0.473855602421239,1.5480121168106793,2.0962439649760722
2024-10-23 10:29:55.733609,-0.44891540509518235,1.6247098643049598,2.0599118378788233
2024-10-23 10:29:55.743615,-0.06676905867606402,1.5612863166645168,1.9771558132588862
2024-10-23 10:29:55.753622,0.2474057944746688,1.6109414511933922,1.5977496689260005
2024-10-23 10:29:55.763628,0.4203185118924826,1.5997992949321864,1.1440893708586692
2024-10-23 10:29:55.773635,0.48089898159410804,1.6590280212312936,0.5092424845576285
2024-10-23 10:29:55.783641,0.3619481925209984,1.858496992869675,-0.28955986919105053
2024-10-23 10:29:55.793648,0.2843823569552973,2.0491797237232325,-1.1490309189140795
2024-10-23 10:29:55.803654,0.29524368698112663,1.9702794977486133,-1.9448200623214245
2024-10-23 10:29:55.813661,0.21841672361660747,1.8541922814130782,-2.272019049555063
2024-10-23 10:29:55.823667,0.2822971847116947,1.7901272209987042,-1.8885452173918484
2024-10-23 10:29:55.833674,1.1119542570598422,0.22735651099532841,-2.1597692194253204
2024-10-23 10:29:55.843680,2.6429607324033975,-1.1657494140028952,-2.9483477008014916
2024-10-23 10:29:55.853687,3.111196960572898,-0.7292226215660572,-3.5549347073018547
2024-10-23 10:29:55.863693,2.636506441697478,-0.514428362762928,-4.30939464597702
2024-10-23 10:29:55.873700,2.0498805654689667,-0.4067699520766735,-4.669000695818663
2024-10-23 10:29:55.883706,1.3364905960679054,-0.22871815473735332,-4.215146921005845
2024-10-23 10:29:55.893713,0.6137210230987519,0.15956512353420257,-3.1020968315333124
2024-10-23 10:29:55.903719,0.0041367710111662745,0.6163125739619135,-1.7034335646688936
2024-10-23 10:29:55.913726,-0.46258897953014816,0.9393938967436551,-0.2693371653735637
2024-10-23 10:29:55.923732,-0.7355907683584839,1.1669997063249349,0.9301572818428278
2024-10-23 10:29:55.933739,-0.8022310130231082,1.3411170868247746,1.6217466305851935
2024-10-23 10:29:55.943745,-0.7028088080234826,1.441638192977011,1.7341121960490942
2024-10-23 10:29:55.953752,-0.4850263637224212,1.395039523409307,1.519970263674855
2024-10-23 10:29:55.963758,-0.1388657786482945,1.279849255913496,1.2014490884155034
2024-10-23 10:29:55.973765,-0.11152166198566556,1.2126114106819033,0.5678524944365024
2024-10-23 10:29:55.983771,0.0431149008388631,0.9324889396607875,0.02110942352414131
2024-10-23 10:29:55.993778,0.44307731005884704,0.5030608733132481,-0.5827589716672897
2024-10-23 10:29:56.003784,0.7454526024855673,0.23485300423055885,-1.1840052016615867
2024-10-23 10:29:56.013791,0.9202780581895261,0.024106559513509273,-1.5139327370762825
2024-10-23 10:29:56.023797,0.828430014771223,-0.06450374409258365,-1.327805769830942
2024-10-23 10:29:56.033804,0.4710254570292309,0.013099427808821201,-0.7705319525539874
2024-10-23 10:29:56.043810,0.19796172714689744,0.17893588669747112,-0.08217910151481628
2024-10-23 10:29:56.053817,0.09991075570154935,0.26845219923257824,0.5251233597785234
2024-10-23 10:29:56.063823,-0.040366223185230046,0.19684534513652324,0.8320581421405077
2024-10-23 10:29:56.073830,-0.1345901288894005,0.04897153617888689,0.8004021901607513
2024-10-23 10:29:56.083836,-0.009239373113494365,-0.10373100810945034,0.6330038887828588
2024-10-23 10:29:56.093843,0.052409547803550956,-0.20850568005293607,0.3185398799598217
2024-10-23 10:29:56.103849,-0.0054999308568425475,-0.2850277787193656,0.0579617751032114
2024-10-23 10:29:56.113856,0.002285754583310336,-0.24999650508761403,-0.08899579579234122
2024-10-23 10:29:56.123862,0.07322258219700306,-0.13516951794624327,-0.1921755997598171
2024-10-23 10:29:56.133869,0.07647508118692785,-0.07000555637925863,-0.1171656592220068
2024-10-23 10:29:56.143875,0.11898463654378429,0.03085311116427183,0.0332704014390707
2024-10-23 10:29:56.153882,0.19610313020078465,0.11417144584208726,0.1520475875109434
2024-10-23 10:29:56.163888,0.3029653490080498,0.1708683155760169,0.20972060880064963
2024-10-23 10:29:56.173895,0.4127754761017859,0.12169278125762939,0.18627894293665884
2024-10-23 10:29:56.183901,0.4189502557465806,0.02029109287858009,0.13494096988737583
2024-10-23 10:29:56.193908,0.31515257560908794,0.020321780277788637,0.15846914499104023
2024-10-23 10:29:56.203914,0.21778111086050048,0.05183364761173725,0.15541209550797938
2024-10-23 10:29:56.213921,0.21720268991803748,0.07479834361374378,-0.006412205129861831
2024-10-23 10:29:56.223927,0.18237828223630784,0.03707739250659942,-0.14986615181863308
2024-10-23 10:29:56.233934,0.09239893703302368,0.07808861733078956,-0.3162783647686243
2024-10-23 10:29:56.243940,0.027775365953054278,0.13833032006472348,-0.3593494447320699
2024-10-23 10:29:56.253947,-0.10539875865858048,0.17312661589682102,-0.32431437170803545
2024-10-23 10:29:56.263953,-0.2470227682401426,0.1473974236175418,-0.25704993073046206
2024-10-23 10:29:56.273960,-0.22310499103069303,0.1689057833313942,-0.1990957544118166
2024-10-23 10:29:56.283966,-0.21018303868062793,0.16166998685896394,-0.1728957297503948
2024-10-23 10:29:56.293973,-0.274095685012266,0.1545472953721881,-0.06575812806785106
2024-10-23 10:29:56.303979,-0.24917605555020272,0.17120616922825574,-0.03841360954642296
2024-10-23 10:29:56.313986,-0.18061719084791839,0.13943945035040378,0.0655564680159092
2024-10-23 10:29:56.323992,-0.10660349480584264,0.09377835389375686,0.1027607017725706
2024-10-23 10:29:56.333998,-0.08785659916196017,0.024027649058401584,0.0595610269933939
2024-10-23 10:29:56.344005,-0.11918646099250763,0.006226911690831184,0.05351590161025524
2024-10-23 10:29:56.354012,-0.06830171160344034,0.009362579368054865,-0.035901918986439706
2024-10-23 10:29:56.364018,0.020206044943630694,-0.033035423639416694,-0.08222001804709433
2024-10-23 10:29:56.374024,0.003240918149985373,-0.043561493828892704,-0.026529695007205006
2024-10-23 10:29:56.384031,-0.08537566906642169,-0.0159969028159976,0.03883329626321792
2024-10-23 10:29:56.394037,-0.12637545918114482,0.01718932747095823,0.0703577308177948
2024-10-23 10:29:56.404044,-0.1563721727117896,0.01780716710835695,0.07172025134265422
2024-10-23 10:29:56.414050,-0.19443616510294376,0.044616848100721834,0.04516892902553081
2024-10-23 10:29:56.424057,-0.16122487343996764,0.07850655048191547,-0.00015489830076694487
2024-10-23 10:29:56.434063,-0.1376669242525473,0.1125508589029312,-0.11235855120122432
2024-10-23 10:29:56.444070,-0.14834712555781007,0.16023644692450761,-0.14589783270955084
2024-10-23 10:29:56.454076,-0.1125076042830944,0.19238310503065584,-0.14943535918593406
2024-10-23 10:29:56.464083,-0.10031159158740192,0.20964637452065943,-0.11244739852845669
2024-10-23 10:29:56.474089,-0.09121204706970602,0.20956395693421362,-0.06766250038444996
2024-10-23 10:29:56.484096,-0.07587974564228206,0.20167174237966537,-0.03332300840914249
2024-10-23 10:29:56.494102,-0.037686646978743375,0.18976210887730122,0.0064221420019865035
2024-10-23 10:29:56.504109,-0.019589410882629454,0.16085457882285117,0.038380876320600506
2024-10-23 10:29:56.514115,0.016106318007223307,0.1501911459892988,0.0009738134682178497
2024-10-23 10:29:56.524122,0.047054267848096784,0.12088847913742065,-0.05387655161619186
2024-10-23 10:29:56.534128,0.04180175414737314,0.07447568753063678,-0.05576046566665172
2024-10-23 10:29:56.544135,0.09829933844953775,0.056252340836822984,-0.06365501830875873
2024-10-23 10:29:56.554141,0.1078359957428649,0.04173573970645666,-0.09632043959200381
2024-10-23 10:29:56.564148,0.08230053593739867,0.02260346147418022,-0.0891577083557844
2024-10-23 10:29:56.574154,0.13733769229818135,0.05908142678290605,-0.10749825168848037
2024-10-23 10:29:56.584161,0.1052476962827146,0.09379062885344028,-0.10588555579483508
2024-10-23 10:29:56.594167,0.04160246871560812,0.11148089158385992,-0.08443594053089618
2024-10-23 10:29:56.604174,0.0473075119568035,0.0745838240802288,-0.03667933309972286
2024-10-23 10:29:56.614180,0.01685757476594299,0.07550619962215423,0.021640753921866415
2024-10-23 10:29:56.624187,-0.03145367087330669,0.08359481353163718,0.11901391743719578
2024-10-23 10:29:56.634193,-0.05809592287689447,0.11226882709115743,0.10452128170430659
2024-10-23 10:29:56.644200,-0.06747556297760457,0.12056523853242397,-0.034273441001772875
2024-10-23 10:29:56.654206,-0.10077683447897434,0.08882219279110432,-0.05898527293205261
2024-10-23 10:29:56.664213,-0.09541552664153277,0.10704875435531139,-0.038735681107640266
